0 verbose cli D:\app\node\node.exe D:\app\node\node_modules\npm\bin\npm-cli.js
1 info using npm@10.9.4
2 info using node@v22.21.1
3 silly config load:file:D:\app\node\node_modules\npm\npmrc
4 silly config load:file:D:\桌面\software\petcare\backend\.npmrc
5 silly config load:file:C:\Users\12047\.npmrc
6 silly config load:file:D:\app\node\node_global\etc\npmrc
7 verbose title npm install
8 verbose argv "install" "--cache" ".npm-cache"
9 verbose logfile logs-max:10 dir:D:\桌面\software\petcare\backend\.npm-cache\_logs\2026-06-01T13_16_27_988Z-
10 verbose logfile D:\桌面\software\petcare\backend\.npm-cache\_logs\2026-06-01T13_16_27_988Z-debug-0.log
11 silly logfile done cleaning log files
12 silly packumentCache heap:4345298944 maxSize:1086324736 maxEntrySize:543162368
13 warn old lockfile
13 warn old lockfile The package-lock.json file was created with an old version of npm,
13 warn old lockfile so supplemental metadata must be fetched from the registry.
13 warn old lockfile
13 warn old lockfile This is a one-time fix-up, please be patient...
13 warn old lockfile
14 silly inflate node_modules/@gar/promisify
15 silly packumentCache corgi:https://registry.npmjs.org/@gar%2fpromisify cache-miss
16 silly inflate node_modules/@npmcli/fs
17 silly packumentCache corgi:https://registry.npmjs.org/@npmcli%2ffs cache-miss
18 silly inflate node_modules/@npmcli/move-file
19 silly packumentCache corgi:https://registry.npmjs.org/@npmcli%2fmove-file cache-miss
20 silly inflate node_modules/@tootallnate/once
21 silly packumentCache corgi:https://registry.npmjs.org/@tootallnate%2fonce cache-miss
22 silly inflate node_modules/abbrev
23 silly packumentCache corgi:https://registry.npmjs.org/abbrev cache-miss
24 silly inflate node_modules/accepts
25 silly packumentCache corgi:https://registry.npmjs.org/accepts cache-miss
26 silly inflate node_modules/agent-base
27 silly packumentCache corgi:https://registry.npmjs.org/agent-base cache-miss
28 silly inflate node_modules/agent-base/node_modules/debug
29 silly packumentCache corgi:https://registry.npmjs.org/debug cache-miss
30 silly inflate node_modules/agent-base/node_modules/ms
31 silly packumentCache corgi:https://registry.npmjs.org/ms cache-miss
32 silly inflate node_modules/agentkeepalive
33 silly packumentCache corgi:https://registry.npmjs.org/agentkeepalive cache-miss
34 silly inflate node_modules/aggregate-error
35 silly packumentCache corgi:https://registry.npmjs.org/aggregate-error cache-miss
36 silly inflate node_modules/ansi-regex
37 silly packumentCache corgi:https://registry.npmjs.org/ansi-regex cache-miss
38 silly inflate node_modules/anymatch
39 silly packumentCache corgi:https://registry.npmjs.org/anymatch cache-miss
40 verbose shrinkwrap failed to load node_modules/.package-lock.json out of date, updated: node_modules
41 http fetch GET 200 https://registry.npmjs.org/ansi-regex 1143ms (cache miss)
42 silly packumentCache corgi:https://registry.npmjs.org/ansi-regex set size:undefined disposed:false
43 silly inflate node_modules/aproba
44 silly packumentCache corgi:https://registry.npmjs.org/aproba cache-miss
45 http fetch GET 200 https://registry.npmjs.org/abbrev 1151ms (cache miss)
46 silly packumentCache corgi:https://registry.npmjs.org/abbrev set size:undefined disposed:false
47 silly inflate node_modules/are-we-there-yet
48 silly packumentCache corgi:https://registry.npmjs.org/are-we-there-yet cache-miss
49 http fetch GET 200 https://registry.npmjs.org/debug 1155ms (cache miss)
50 silly packumentCache corgi:https://registry.npmjs.org/debug set size:undefined disposed:false
51 silly inflate node_modules/array-flatten
52 silly packumentCache corgi:https://registry.npmjs.org/array-flatten cache-miss
53 http fetch GET 200 https://registry.npmjs.org/@gar%2fpromisify 1159ms (cache miss)
54 silly packumentCache corgi:https://registry.npmjs.org/@gar%2fpromisify set size:undefined disposed:false
55 silly inflate node_modules/balanced-match
56 silly packumentCache corgi:https://registry.npmjs.org/balanced-match cache-miss
57 http fetch GET 200 https://registry.npmjs.org/@tootallnate%2fonce 1292ms (cache miss)
58 silly packumentCache corgi:https://registry.npmjs.org/@tootallnate%2fonce set size:undefined disposed:false
59 silly inflate node_modules/base64-js
60 silly packumentCache corgi:https://registry.npmjs.org/base64-js cache-miss
61 http fetch GET 200 https://registry.npmjs.org/accepts 1295ms (cache miss)
62 silly packumentCache corgi:https://registry.npmjs.org/accepts set size:undefined disposed:false
63 silly inflate node_modules/bcryptjs
64 silly packumentCache corgi:https://registry.npmjs.org/bcryptjs cache-miss
65 http fetch GET 200 https://registry.npmjs.org/agentkeepalive 1320ms (cache miss)
66 silly packumentCache corgi:https://registry.npmjs.org/agentkeepalive set size:undefined disposed:false
67 silly inflate node_modules/binary-extensions
68 silly packumentCache corgi:https://registry.npmjs.org/binary-extensions cache-miss
69 http fetch GET 200 https://registry.npmjs.org/@npmcli%2fmove-file 1338ms (cache miss)
70 silly packumentCache corgi:https://registry.npmjs.org/@npmcli%2fmove-file set size:undefined disposed:false
71 silly inflate node_modules/bindings
72 silly packumentCache corgi:https://registry.npmjs.org/bindings cache-miss
73 http fetch GET 200 https://registry.npmjs.org/array-flatten 182ms (cache miss)
74 silly packumentCache corgi:https://registry.npmjs.org/array-flatten set size:undefined disposed:false
75 silly inflate node_modules/bl
76 silly packumentCache corgi:https://registry.npmjs.org/bl cache-miss
77 http fetch GET 200 https://registry.npmjs.org/are-we-there-yet 194ms (cache miss)
78 silly packumentCache corgi:https://registry.npmjs.org/are-we-there-yet set size:undefined disposed:false
79 silly inflate node_modules/body-parser
80 silly packumentCache corgi:https://registry.npmjs.org/body-parser cache-miss
81 http fetch GET 200 https://registry.npmjs.org/bcryptjs 183ms (cache miss)
82 silly packumentCache corgi:https://registry.npmjs.org/bcryptjs set size:undefined disposed:false
83 silly inflate node_modules/brace-expansion
84 silly packumentCache corgi:https://registry.npmjs.org/brace-expansion cache-miss
85 http fetch GET 200 https://registry.npmjs.org/base64-js 188ms (cache miss)
86 silly packumentCache corgi:https://registry.npmjs.org/base64-js set size:undefined disposed:false
87 silly inflate node_modules/braces
88 silly packumentCache corgi:https://registry.npmjs.org/braces cache-miss
89 http fetch GET 200 https://registry.npmjs.org/agent-base 1495ms (cache miss)
90 silly packumentCache corgi:https://registry.npmjs.org/agent-base set size:undefined disposed:false
91 silly inflate node_modules/buffer
92 silly packumentCache corgi:https://registry.npmjs.org/buffer cache-miss
93 http fetch GET 200 https://registry.npmjs.org/aproba 352ms (cache miss)
94 silly packumentCache corgi:https://registry.npmjs.org/aproba set size:undefined disposed:false
95 silly inflate node_modules/buffer-equal-constant-time
96 silly packumentCache corgi:https://registry.npmjs.org/buffer-equal-constant-time cache-miss
97 http fetch GET 200 https://registry.npmjs.org/binary-extensions 180ms (cache miss)
98 silly packumentCache corgi:https://registry.npmjs.org/binary-extensions set size:undefined disposed:false
99 silly inflate node_modules/bytes
100 silly packumentCache corgi:https://registry.npmjs.org/bytes cache-miss
101 http fetch GET 200 https://registry.npmjs.org/bindings 183ms (cache miss)
102 silly packumentCache corgi:https://registry.npmjs.org/bindings set size:undefined disposed:false
103 silly inflate node_modules/cacache
104 silly packumentCache corgi:https://registry.npmjs.org/cacache cache-miss
105 http fetch GET 200 https://registry.npmjs.org/brace-expansion 182ms (cache miss)
106 silly packumentCache corgi:https://registry.npmjs.org/brace-expansion set size:undefined disposed:false
107 silly inflate node_modules/call-bind-apply-helpers
108 silly packumentCache corgi:https://registry.npmjs.org/call-bind-apply-helpers cache-miss
109 http fetch GET 200 https://registry.npmjs.org/balanced-match 505ms (cache miss)
110 silly packumentCache corgi:https://registry.npmjs.org/balanced-match set size:undefined disposed:false
111 silly inflate node_modules/call-bound
112 silly packumentCache corgi:https://registry.npmjs.org/call-bound cache-miss
113 http fetch GET 200 https://registry.npmjs.org/braces 194ms (cache miss)
114 silly packumentCache corgi:https://registry.npmjs.org/braces set size:undefined disposed:false
115 silly inflate node_modules/chokidar
116 silly packumentCache corgi:https://registry.npmjs.org/chokidar cache-miss
117 http fetch GET 200 https://registry.npmjs.org/buffer 219ms (cache miss)
118 silly packumentCache corgi:https://registry.npmjs.org/buffer set size:undefined disposed:false
119 silly inflate node_modules/chownr
120 silly packumentCache corgi:https://registry.npmjs.org/chownr cache-miss
121 http fetch GET 200 https://registry.npmjs.org/body-parser 396ms (cache miss)
122 silly packumentCache corgi:https://registry.npmjs.org/body-parser set size:undefined disposed:false
123 silly inflate node_modules/clean-stack
124 silly packumentCache corgi:https://registry.npmjs.org/clean-stack cache-miss
125 http fetch GET 200 https://registry.npmjs.org/call-bind-apply-helpers 186ms (cache miss)
126 silly packumentCache corgi:https://registry.npmjs.org/call-bind-apply-helpers set size:undefined disposed:false
127 silly inflate node_modules/color-support
128 silly packumentCache corgi:https://registry.npmjs.org/color-support cache-miss
129 http fetch GET 200 https://registry.npmjs.org/call-bound 187ms (cache miss)
130 silly packumentCache corgi:https://registry.npmjs.org/call-bound set size:undefined disposed:false
131 silly inflate node_modules/concat-map
132 silly packumentCache corgi:https://registry.npmjs.org/concat-map cache-miss
133 http fetch GET 200 https://registry.npmjs.org/chownr 172ms (cache miss)
134 silly packumentCache corgi:https://registry.npmjs.org/chownr set size:undefined disposed:false
135 silly inflate node_modules/console-control-strings
136 silly packumentCache corgi:https://registry.npmjs.org/console-control-strings cache-miss
137 http fetch GET 200 https://registry.npmjs.org/clean-stack 181ms (cache miss)
138 silly packumentCache corgi:https://registry.npmjs.org/clean-stack set size:undefined disposed:false
139 silly inflate node_modules/content-disposition
140 silly packumentCache corgi:https://registry.npmjs.org/content-disposition cache-miss
141 http fetch GET 200 https://registry.npmjs.org/cacache 411ms (cache miss)
142 silly packumentCache corgi:https://registry.npmjs.org/cacache set size:undefined disposed:false
143 silly inflate node_modules/content-type
144 silly packumentCache corgi:https://registry.npmjs.org/content-type cache-miss
145 http fetch GET 200 https://registry.npmjs.org/concat-map 179ms (cache miss)
146 silly packumentCache corgi:https://registry.npmjs.org/concat-map set size:undefined disposed:false
147 silly inflate node_modules/cookie
148 silly packumentCache corgi:https://registry.npmjs.org/cookie cache-miss
149 http fetch GET 200 https://registry.npmjs.org/color-support 205ms (cache miss)
150 silly packumentCache corgi:https://registry.npmjs.org/color-support set size:undefined disposed:false
151 silly inflate node_modules/cookie-signature
152 silly packumentCache corgi:https://registry.npmjs.org/cookie-signature cache-miss
153 http fetch GET 200 https://registry.npmjs.org/console-control-strings 176ms (cache miss)
154 silly packumentCache corgi:https://registry.npmjs.org/console-control-strings set size:undefined disposed:false
155 silly inflate node_modules/cors
156 silly packumentCache corgi:https://registry.npmjs.org/cors cache-miss
157 http fetch GET 200 https://registry.npmjs.org/chokidar 418ms (cache miss)
158 silly packumentCache corgi:https://registry.npmjs.org/chokidar set size:undefined disposed:false
159 silly inflate node_modules/debug
160 silly packumentCache corgi:https://registry.npmjs.org/debug cache-miss
161 http cache https://registry.npmjs.org/debug 7ms (cache hit)
162 silly packumentCache corgi:https://registry.npmjs.org/debug set size:75577 disposed:false
163 silly inflate node_modules/decompress-response
164 silly packumentCache corgi:https://registry.npmjs.org/decompress-response cache-miss
165 http fetch GET 200 https://registry.npmjs.org/content-disposition 183ms (cache miss)
166 silly packumentCache corgi:https://registry.npmjs.org/content-disposition set size:undefined disposed:false
167 silly inflate node_modules/deep-extend
168 silly packumentCache corgi:https://registry.npmjs.org/deep-extend cache-miss
169 http fetch GET 200 https://registry.npmjs.org/bl 794ms (cache miss)
170 silly packumentCache corgi:https://registry.npmjs.org/bl set size:undefined disposed:false
171 silly inflate node_modules/delegates
172 silly packumentCache corgi:https://registry.npmjs.org/delegates cache-miss
173 http fetch GET 200 https://registry.npmjs.org/buffer-equal-constant-time 657ms (cache miss)
174 silly packumentCache corgi:https://registry.npmjs.org/buffer-equal-constant-time set size:undefined disposed:false
175 silly inflate node_modules/depd
176 silly packumentCache corgi:https://registry.npmjs.org/depd cache-miss
177 http fetch GET 200 https://registry.npmjs.org/bytes 730ms (cache miss)
178 silly packumentCache corgi:https://registry.npmjs.org/bytes set size:undefined disposed:false
179 silly inflate node_modules/destroy
180 silly packumentCache corgi:https://registry.npmjs.org/destroy cache-miss
181 http fetch GET 200 https://registry.npmjs.org/cors 183ms (cache miss)
182 silly packumentCache corgi:https://registry.npmjs.org/cors set size:undefined disposed:false
183 silly inflate node_modules/detect-libc
184 silly packumentCache corgi:https://registry.npmjs.org/detect-libc cache-miss
185 http fetch GET 200 https://registry.npmjs.org/deep-extend 185ms (cache miss)
186 silly packumentCache corgi:https://registry.npmjs.org/deep-extend set size:undefined disposed:false
187 silly inflate node_modules/dunder-proto
188 silly packumentCache corgi:https://registry.npmjs.org/dunder-proto cache-miss
189 http fetch GET 200 https://registry.npmjs.org/ms 2295ms (cache miss)
190 silly packumentCache corgi:https://registry.npmjs.org/ms set size:undefined disposed:false
191 silly inflate node_modules/ecdsa-sig-formatter
192 silly packumentCache corgi:https://registry.npmjs.org/ecdsa-sig-formatter cache-miss
193 http fetch GET 200 https://registry.npmjs.org/aggregate-error 2337ms (cache miss)
194 silly packumentCache corgi:https://registry.npmjs.org/aggregate-error set size:undefined disposed:false
195 silly inflate node_modules/ee-first
196 silly packumentCache corgi:https://registry.npmjs.org/ee-first cache-miss
197 http fetch GET 200 https://registry.npmjs.org/depd 184ms (cache miss)
198 silly packumentCache corgi:https://registry.npmjs.org/depd set size:undefined disposed:false
199 silly inflate node_modules/emoji-regex
200 silly packumentCache corgi:https://registry.npmjs.org/emoji-regex cache-miss
201 http fetch GET 200 https://registry.npmjs.org/npm 2426ms
202 http fetch GET 200 https://registry.npmjs.org/destroy 173ms (cache miss)
203 silly packumentCache corgi:https://registry.npmjs.org/destroy set size:undefined disposed:false
204 silly inflate node_modules/encodeurl
205 silly packumentCache corgi:https://registry.npmjs.org/encodeurl cache-miss
206 http fetch GET 200 https://registry.npmjs.org/detect-libc 183ms (cache miss)
207 silly packumentCache corgi:https://registry.npmjs.org/detect-libc set size:undefined disposed:false
208 silly inflate node_modules/encoding
209 silly packumentCache corgi:https://registry.npmjs.org/encoding cache-miss
210 http fetch GET 200 https://registry.npmjs.org/dunder-proto 178ms (cache miss)
211 silly packumentCache corgi:https://registry.npmjs.org/dunder-proto set size:undefined disposed:false
212 silly inflate node_modules/encoding/node_modules/iconv-lite
213 silly packumentCache corgi:https://registry.npmjs.org/iconv-lite cache-miss
214 http fetch GET 200 https://registry.npmjs.org/decompress-response 376ms (cache miss)
215 silly packumentCache corgi:https://registry.npmjs.org/decompress-response set size:undefined disposed:false
216 silly inflate node_modules/end-of-stream
217 silly packumentCache corgi:https://registry.npmjs.org/end-of-stream cache-miss
218 http fetch GET 200 https://registry.npmjs.org/delegates 369ms (cache miss)
219 silly packumentCache corgi:https://registry.npmjs.org/delegates set size:undefined disposed:false
220 silly inflate node_modules/env-paths
221 silly packumentCache corgi:https://registry.npmjs.org/env-paths cache-miss
222 http fetch GET 200 https://registry.npmjs.org/ee-first 177ms (cache miss)
223 silly packumentCache corgi:https://registry.npmjs.org/ee-first set size:undefined disposed:false
224 silly inflate node_modules/err-code
225 silly packumentCache corgi:https://registry.npmjs.org/err-code cache-miss
226 http fetch GET 200 https://registry.npmjs.org/emoji-regex 193ms (cache miss)
227 silly packumentCache corgi:https://registry.npmjs.org/emoji-regex set size:undefined disposed:false
228 silly inflate node_modules/es-define-property
229 silly packumentCache corgi:https://registry.npmjs.org/es-define-property cache-miss
230 http fetch GET 200 https://registry.npmjs.org/encodeurl 173ms (cache miss)
231 silly packumentCache corgi:https://registry.npmjs.org/encodeurl set size:undefined disposed:false
232 silly inflate node_modules/es-errors
233 silly packumentCache corgi:https://registry.npmjs.org/es-errors cache-miss
234 http fetch GET 200 https://registry.npmjs.org/encoding 182ms (cache miss)
235 silly packumentCache corgi:https://registry.npmjs.org/encoding set size:undefined disposed:false
236 silly inflate node_modules/es-object-atoms
237 silly packumentCache corgi:https://registry.npmjs.org/es-object-atoms cache-miss
238 http fetch GET 200 https://registry.npmjs.org/end-of-stream 179ms (cache miss)
239 silly packumentCache corgi:https://registry.npmjs.org/end-of-stream set size:undefined disposed:false
240 silly inflate node_modules/escape-html
241 silly packumentCache corgi:https://registry.npmjs.org/escape-html cache-miss
242 http fetch GET 200 https://registry.npmjs.org/iconv-lite 191ms (cache miss)
243 silly packumentCache corgi:https://registry.npmjs.org/iconv-lite set size:undefined disposed:false
244 silly inflate node_modules/etag
245 silly packumentCache corgi:https://registry.npmjs.org/etag cache-miss
246 http fetch GET 200 https://registry.npmjs.org/ecdsa-sig-formatter 379ms (cache miss)
247 silly packumentCache corgi:https://registry.npmjs.org/ecdsa-sig-formatter set size:undefined disposed:false
248 silly inflate node_modules/expand-template
249 silly packumentCache corgi:https://registry.npmjs.org/expand-template cache-miss
250 http fetch GET 200 https://registry.npmjs.org/content-type 769ms (cache miss)
251 silly packumentCache corgi:https://registry.npmjs.org/content-type set size:undefined disposed:false
252 silly inflate node_modules/express
253 silly packumentCache corgi:https://registry.npmjs.org/express cache-miss
254 http fetch GET 200 https://registry.npmjs.org/es-define-property 171ms (cache miss)
255 silly packumentCache corgi:https://registry.npmjs.org/es-define-property set size:undefined disposed:false
256 silly inflate node_modules/file-uri-to-path
257 silly packumentCache corgi:https://registry.npmjs.org/file-uri-to-path cache-miss
258 http fetch GET 200 https://registry.npmjs.org/es-object-atoms 178ms (cache miss)
259 silly packumentCache corgi:https://registry.npmjs.org/es-object-atoms set size:undefined disposed:false
260 silly inflate node_modules/fill-range
261 silly packumentCache corgi:https://registry.npmjs.org/fill-range cache-miss
262 http fetch GET 200 https://registry.npmjs.org/cookie-signature 759ms (cache miss)
263 silly packumentCache corgi:https://registry.npmjs.org/cookie-signature set size:undefined disposed:false
264 silly inflate node_modules/finalhandler
265 silly packumentCache corgi:https://registry.npmjs.org/finalhandler cache-miss
266 http fetch GET 200 https://registry.npmjs.org/escape-html 172ms (cache miss)
267 silly packumentCache corgi:https://registry.npmjs.org/escape-html set size:undefined disposed:false
268 silly inflate node_modules/forwarded
269 silly packumentCache corgi:https://registry.npmjs.org/forwarded cache-miss
270 http fetch GET 200 https://registry.npmjs.org/etag 176ms (cache miss)
271 silly packumentCache corgi:https://registry.npmjs.org/etag set size:undefined disposed:false
272 silly inflate node_modules/fresh
273 silly packumentCache corgi:https://registry.npmjs.org/fresh cache-miss
274 http fetch GET 200 https://registry.npmjs.org/err-code 329ms (cache miss)
275 silly packumentCache corgi:https://registry.npmjs.org/err-code set size:undefined disposed:false
276 silly inflate node_modules/fs-constants
277 silly packumentCache corgi:https://registry.npmjs.org/fs-constants cache-miss
278 http fetch GET 200 https://registry.npmjs.org/expand-template 173ms (cache miss)
279 silly packumentCache corgi:https://registry.npmjs.org/expand-template set size:undefined disposed:false
280 silly inflate node_modules/fs-minipass
281 silly packumentCache corgi:https://registry.npmjs.org/fs-minipass cache-miss
282 http fetch GET 200 https://registry.npmjs.org/env-paths 379ms (cache miss)
283 silly packumentCache corgi:https://registry.npmjs.org/env-paths set size:undefined disposed:false
284 silly inflate node_modules/fs.realpath
285 silly packumentCache corgi:https://registry.npmjs.org/fs.realpath cache-miss
286 http fetch GET 200 https://registry.npmjs.org/file-uri-to-path 183ms (cache miss)
287 silly packumentCache corgi:https://registry.npmjs.org/file-uri-to-path set size:undefined disposed:false
288 silly inflate node_modules/fsevents
289 silly packumentCache corgi:https://registry.npmjs.org/fsevents cache-miss
290 http fetch GET 200 https://registry.npmjs.org/es-errors 380ms (cache miss)
291 silly packumentCache corgi:https://registry.npmjs.org/es-errors set size:undefined disposed:false
292 silly inflate node_modules/function-bind
293 silly packumentCache corgi:https://registry.npmjs.org/function-bind cache-miss
294 http fetch GET 200 https://registry.npmjs.org/cookie 951ms (cache miss)
295 silly packumentCache corgi:https://registry.npmjs.org/cookie set size:undefined disposed:false
296 silly inflate node_modules/gauge
297 silly packumentCache corgi:https://registry.npmjs.org/gauge cache-miss
298 http fetch GET 200 https://registry.npmjs.org/fresh 174ms (cache miss)
299 silly packumentCache corgi:https://registry.npmjs.org/fresh set size:undefined disposed:false
300 silly inflate node_modules/get-intrinsic
301 silly packumentCache corgi:https://registry.npmjs.org/get-intrinsic cache-miss
302 http fetch GET 200 https://registry.npmjs.org/forwarded 183ms (cache miss)
303 silly packumentCache corgi:https://registry.npmjs.org/forwarded set size:undefined disposed:false
304 silly inflate node_modules/get-proto
305 silly packumentCache corgi:https://registry.npmjs.org/get-proto cache-miss
306 http fetch GET 200 https://registry.npmjs.org/anymatch 3021ms (cache miss)
307 silly packumentCache corgi:https://registry.npmjs.org/anymatch set size:undefined disposed:false
308 silly inflate node_modules/github-from-package
309 silly packumentCache corgi:https://registry.npmjs.org/github-from-package cache-miss
310 http fetch GET 200 https://registry.npmjs.org/fs-constants 180ms (cache miss)
311 silly packumentCache corgi:https://registry.npmjs.org/fs-constants set size:undefined disposed:false
312 silly inflate node_modules/glob
313 silly packumentCache corgi:https://registry.npmjs.org/glob cache-miss
314 http fetch GET 200 https://registry.npmjs.org/fs-minipass 190ms (cache miss)
315 silly packumentCache corgi:https://registry.npmjs.org/fs-minipass set size:undefined disposed:false
316 silly inflate node_modules/glob/node_modules/balanced-match
317 silly packumentCache corgi:https://registry.npmjs.org/balanced-match cache-miss
318 http cache https://registry.npmjs.org/balanced-match 3ms (cache hit)
319 silly packumentCache corgi:https://registry.npmjs.org/balanced-match set size:13513 disposed:false
320 silly inflate node_modules/glob/node_modules/brace-expansion
321 silly packumentCache corgi:https://registry.npmjs.org/brace-expansion cache-miss
322 http cache https://registry.npmjs.org/brace-expansion 3ms (cache hit)
323 silly packumentCache corgi:https://registry.npmjs.org/brace-expansion set size:24623 disposed:false
324 silly inflate node_modules/glob/node_modules/minimatch
325 silly packumentCache corgi:https://registry.npmjs.org/minimatch cache-miss
326 http fetch GET 200 https://registry.npmjs.org/express 352ms (cache miss)
327 silly packumentCache corgi:https://registry.npmjs.org/express set size:undefined disposed:false
328 silly inflate node_modules/glob-parent
329 silly packumentCache corgi:https://registry.npmjs.org/glob-parent cache-miss
330 http fetch GET 200 https://registry.npmjs.org/function-bind 183ms (cache miss)
331 silly packumentCache corgi:https://registry.npmjs.org/function-bind set size:undefined disposed:false
332 silly inflate node_modules/gopd
333 silly packumentCache corgi:https://registry.npmjs.org/gopd cache-miss
334 http fetch GET 200 https://registry.npmjs.org/gauge 196ms (cache miss)
335 silly packumentCache corgi:https://registry.npmjs.org/gauge set size:undefined disposed:false
336 silly inflate node_modules/graceful-fs
337 silly packumentCache corgi:https://registry.npmjs.org/graceful-fs cache-miss
338 http fetch GET 200 https://registry.npmjs.org/get-proto 190ms (cache miss)
339 silly packumentCache corgi:https://registry.npmjs.org/get-proto set size:undefined disposed:false
340 silly inflate node_modules/has-flag
341 silly packumentCache corgi:https://registry.npmjs.org/has-flag cache-miss
342 http fetch GET 200 https://registry.npmjs.org/github-from-package 185ms (cache miss)
343 silly packumentCache corgi:https://registry.npmjs.org/github-from-package set size:undefined disposed:false
344 silly inflate node_modules/has-symbols
345 silly packumentCache corgi:https://registry.npmjs.org/has-symbols cache-miss
346 http fetch GET 200 https://registry.npmjs.org/get-intrinsic 195ms (cache miss)
347 silly packumentCache corgi:https://registry.npmjs.org/get-intrinsic set size:undefined disposed:false
348 silly inflate node_modules/has-unicode
349 silly packumentCache corgi:https://registry.npmjs.org/has-unicode cache-miss
350 http fetch GET 200 https://registry.npmjs.org/finalhandler 413ms (cache miss)
351 silly packumentCache corgi:https://registry.npmjs.org/finalhandler set size:undefined disposed:false
352 silly inflate node_modules/hasown
353 silly packumentCache corgi:https://registry.npmjs.org/hasown cache-miss
354 http fetch GET 200 https://registry.npmjs.org/glob-parent 177ms (cache miss)
355 silly packumentCache corgi:https://registry.npmjs.org/glob-parent set size:undefined disposed:false
356 silly inflate node_modules/http-cache-semantics
357 silly packumentCache corgi:https://registry.npmjs.org/http-cache-semantics cache-miss
358 http fetch GET 200 https://registry.npmjs.org/fsevents 402ms (cache miss)
359 silly packumentCache corgi:https://registry.npmjs.org/fsevents set size:undefined disposed:false
360 silly inflate node_modules/http-errors
361 silly packumentCache corgi:https://registry.npmjs.org/http-errors cache-miss
362 http fetch GET 200 https://registry.npmjs.org/gopd 185ms (cache miss)
363 silly packumentCache corgi:https://registry.npmjs.org/gopd set size:undefined disposed:false
364 silly inflate node_modules/http-proxy-agent
365 silly packumentCache corgi:https://registry.npmjs.org/http-proxy-agent cache-miss
366 http fetch GET 200 https://registry.npmjs.org/has-symbols 196ms (cache miss)
367 silly packumentCache corgi:https://registry.npmjs.org/has-symbols set size:undefined disposed:false
368 silly inflate node_modules/http-proxy-agent/node_modules/debug
369 silly packumentCache corgi:https://registry.npmjs.org/debug cache-hit
370 silly inflate node_modules/http-proxy-agent/node_modules/ms
371 silly packumentCache corgi:https://registry.npmjs.org/ms cache-miss
372 http fetch GET 200 https://registry.npmjs.org/has-unicode 196ms (cache miss)
373 silly packumentCache corgi:https://registry.npmjs.org/has-unicode set size:undefined disposed:false
374 silly inflate node_modules/https-proxy-agent
375 silly packumentCache corgi:https://registry.npmjs.org/https-proxy-agent cache-miss
376 http fetch GET 200 https://registry.npmjs.org/has-flag 203ms (cache miss)
377 silly packumentCache corgi:https://registry.npmjs.org/has-flag set size:undefined disposed:false
378 silly inflate node_modules/https-proxy-agent/node_modules/debug
379 silly packumentCache corgi:https://registry.npmjs.org/debug cache-hit
380 silly inflate node_modules/https-proxy-agent/node_modules/ms
381 silly packumentCache corgi:https://registry.npmjs.org/ms cache-miss
382 http cache https://registry.npmjs.org/ms 6ms (cache hit)
383 silly packumentCache corgi:https://registry.npmjs.org/ms set size:29397 disposed:false
384 silly inflate node_modules/humanize-ms
385 silly packumentCache corgi:https://registry.npmjs.org/humanize-ms cache-miss
386 http fetch GET 200 https://registry.npmjs.org/hasown 184ms (cache miss)
387 silly packumentCache corgi:https://registry.npmjs.org/hasown set size:undefined disposed:false
388 silly inflate node_modules/iconv-lite
389 silly packumentCache corgi:https://registry.npmjs.org/iconv-lite cache-miss
390 http cache https://registry.npmjs.org/ms 8ms (cache hit)
391 silly packumentCache corgi:https://registry.npmjs.org/ms set size:29397 disposed:false
392 silly packumentCache corgi:https://registry.npmjs.org/ms dispose
393 silly inflate node_modules/ieee754
394 silly packumentCache corgi:https://registry.npmjs.org/ieee754 cache-miss
395 http cache https://registry.npmjs.org/iconv-lite 7ms (cache hit)
396 silly packumentCache corgi:https://registry.npmjs.org/iconv-lite set size:45067 disposed:false
397 silly inflate node_modules/ignore-by-default
398 silly packumentCache corgi:https://registry.npmjs.org/ignore-by-default cache-miss
399 http fetch GET 200 https://registry.npmjs.org/http-errors 177ms (cache miss)
400 silly packumentCache corgi:https://registry.npmjs.org/http-errors set size:undefined disposed:false
401 silly inflate node_modules/imurmurhash
402 silly packumentCache corgi:https://registry.npmjs.org/imurmurhash cache-miss
403 http fetch GET 200 https://registry.npmjs.org/@npmcli%2ffs 3483ms (cache miss)
404 silly packumentCache corgi:https://registry.npmjs.org/@npmcli%2ffs set size:undefined disposed:false
405 silly inflate node_modules/indent-string
406 silly packumentCache corgi:https://registry.npmjs.org/indent-string cache-miss
407 http fetch GET 200 https://registry.npmjs.org/http-proxy-agent 215ms (cache miss)
408 silly packumentCache corgi:https://registry.npmjs.org/http-proxy-agent set size:undefined disposed:false
409 silly inflate node_modules/infer-owner
410 silly packumentCache corgi:https://registry.npmjs.org/infer-owner cache-miss
411 http fetch GET 200 https://registry.npmjs.org/graceful-fs 427ms (cache miss)
412 silly packumentCache corgi:https://registry.npmjs.org/graceful-fs set size:undefined disposed:false
413 silly inflate node_modules/inflight
414 silly packumentCache corgi:https://registry.npmjs.org/inflight cache-miss
415 http fetch GET 200 https://registry.npmjs.org/ieee754 192ms (cache miss)
416 silly packumentCache corgi:https://registry.npmjs.org/ieee754 set size:undefined disposed:false
417 silly inflate node_modules/inherits
418 silly packumentCache corgi:https://registry.npmjs.org/inherits cache-miss
419 http fetch GET 200 https://registry.npmjs.org/https-proxy-agent 203ms (cache miss)
420 silly packumentCache corgi:https://registry.npmjs.org/https-proxy-agent set size:undefined disposed:false
421 silly inflate node_modules/ini
422 silly packumentCache corgi:https://registry.npmjs.org/ini cache-miss
423 http fetch GET 200 https://registry.npmjs.org/fill-range 818ms (cache miss)
424 silly packumentCache corgi:https://registry.npmjs.org/fill-range set size:undefined disposed:false
425 silly inflate node_modules/ip-address
426 silly packumentCache corgi:https://registry.npmjs.org/ip-address cache-miss
427 http fetch GET 200 https://registry.npmjs.org/fs.realpath 754ms (cache miss)
428 silly packumentCache corgi:https://registry.npmjs.org/fs.realpath set size:undefined disposed:false
429 silly inflate node_modules/ipaddr.js
430 silly packumentCache corgi:https://registry.npmjs.org/ipaddr.js cache-miss
431 http fetch GET 200 https://registry.npmjs.org/imurmurhash 179ms (cache miss)
432 silly packumentCache corgi:https://registry.npmjs.org/imurmurhash set size:undefined disposed:false
433 silly inflate node_modules/is-binary-path
434 silly packumentCache corgi:https://registry.npmjs.org/is-binary-path cache-miss
435 http fetch GET 200 https://registry.npmjs.org/http-cache-semantics 425ms (cache miss)
436 silly packumentCache corgi:https://registry.npmjs.org/http-cache-semantics set size:undefined disposed:false
437 silly inflate node_modules/is-extglob
438 silly packumentCache corgi:https://registry.npmjs.org/is-extglob cache-miss
439 http fetch GET 200 https://registry.npmjs.org/minimatch 625ms (cache miss)
440 silly packumentCache corgi:https://registry.npmjs.org/minimatch set size:undefined disposed:false
441 silly inflate node_modules/is-fullwidth-code-point
442 silly packumentCache corgi:https://registry.npmjs.org/is-fullwidth-code-point cache-miss
443 http fetch GET 200 https://registry.npmjs.org/glob 698ms (cache miss)
444 silly packumentCache corgi:https://registry.npmjs.org/glob set size:undefined disposed:false
445 silly inflate node_modules/is-glob
446 silly packumentCache corgi:https://registry.npmjs.org/is-glob cache-miss
447 http fetch GET 200 https://registry.npmjs.org/infer-owner 185ms (cache miss)
448 silly packumentCache corgi:https://registry.npmjs.org/infer-owner set size:undefined disposed:false
449 silly inflate node_modules/is-lambda
450 silly packumentCache corgi:https://registry.npmjs.org/is-lambda cache-miss
451 http fetch GET 200 https://registry.npmjs.org/inherits 177ms (cache miss)
452 silly packumentCache corgi:https://registry.npmjs.org/inherits set size:undefined disposed:false
453 silly inflate node_modules/is-number
454 silly packumentCache corgi:https://registry.npmjs.org/is-number cache-miss
455 http fetch GET 200 https://registry.npmjs.org/ini 192ms (cache miss)
456 silly packumentCache corgi:https://registry.npmjs.org/ini set size:undefined disposed:false
457 silly inflate node_modules/isexe
458 silly packumentCache corgi:https://registry.npmjs.org/isexe cache-miss
459 http fetch GET 200 https://registry.npmjs.org/ignore-by-default 387ms (cache miss)
460 silly packumentCache corgi:https://registry.npmjs.org/ignore-by-default set size:undefined disposed:false
461 silly inflate node_modules/jsonwebtoken
462 silly packumentCache corgi:https://registry.npmjs.org/jsonwebtoken cache-miss
463 http fetch GET 200 https://registry.npmjs.org/is-extglob 183ms (cache miss)
464 silly packumentCache corgi:https://registry.npmjs.org/is-extglob set size:undefined disposed:false
465 silly inflate node_modules/jsonwebtoken/node_modules/ms
466 silly packumentCache corgi:https://registry.npmjs.org/ms cache-hit
467 silly inflate node_modules/jwa
468 silly packumentCache corgi:https://registry.npmjs.org/jwa cache-miss
469 http fetch GET 200 https://registry.npmjs.org/indent-string 368ms (cache miss)
470 silly packumentCache corgi:https://registry.npmjs.org/indent-string set size:undefined disposed:false
471 silly inflate node_modules/jws
472 silly packumentCache corgi:https://registry.npmjs.org/jws cache-miss
473 http fetch GET 200 https://registry.npmjs.org/is-fullwidth-code-point 188ms (cache miss)
474 silly packumentCache corgi:https://registry.npmjs.org/is-fullwidth-code-point set size:undefined disposed:false
475 silly inflate node_modules/lodash.includes
476 silly packumentCache corgi:https://registry.npmjs.org/lodash.includes cache-miss
477 http fetch GET 200 https://registry.npmjs.org/is-lambda 185ms (cache miss)
478 silly packumentCache corgi:https://registry.npmjs.org/is-lambda set size:undefined disposed:false
479 silly inflate node_modules/lodash.isboolean
480 silly packumentCache corgi:https://registry.npmjs.org/lodash.isboolean cache-miss
481 http fetch GET 200 https://registry.npmjs.org/is-number 186ms (cache miss)
482 silly packumentCache corgi:https://registry.npmjs.org/is-number set size:undefined disposed:false
483 silly inflate node_modules/lodash.isinteger
484 silly packumentCache corgi:https://registry.npmjs.org/lodash.isinteger cache-miss
485 http fetch GET 200 https://registry.npmjs.org/isexe 178ms (cache miss)
486 silly packumentCache corgi:https://registry.npmjs.org/isexe set size:undefined disposed:false
487 silly inflate node_modules/lodash.isnumber
488 silly packumentCache corgi:https://registry.npmjs.org/lodash.isnumber cache-miss
489 http fetch GET 200 https://registry.npmjs.org/inflight 384ms (cache miss)
490 silly packumentCache corgi:https://registry.npmjs.org/inflight set size:undefined disposed:false
491 silly inflate node_modules/lodash.isplainobject
492 silly packumentCache corgi:https://registry.npmjs.org/lodash.isplainobject cache-miss
493 http fetch GET 200 https://registry.npmjs.org/ip-address 387ms (cache miss)
494 silly packumentCache corgi:https://registry.npmjs.org/ip-address set size:undefined disposed:false
495 silly inflate node_modules/lodash.isstring
496 silly packumentCache corgi:https://registry.npmjs.org/lodash.isstring cache-miss
497 http fetch GET 200 https://registry.npmjs.org/ipaddr.js 381ms (cache miss)
498 silly packumentCache corgi:https://registry.npmjs.org/ipaddr.js set size:undefined disposed:false
499 silly inflate node_modules/lodash.once
500 silly packumentCache corgi:https://registry.npmjs.org/lodash.once cache-miss
501 http fetch GET 200 https://registry.npmjs.org/jws 185ms (cache miss)
502 silly packumentCache corgi:https://registry.npmjs.org/jws set size:undefined disposed:false
503 silly inflate node_modules/lru-cache
504 silly packumentCache corgi:https://registry.npmjs.org/lru-cache cache-miss
505 http fetch GET 200 https://registry.npmjs.org/lodash.includes 183ms (cache miss)
506 silly packumentCache corgi:https://registry.npmjs.org/lodash.includes set size:undefined disposed:false
507 silly inflate node_modules/make-fetch-happen
508 silly packumentCache corgi:https://registry.npmjs.org/make-fetch-happen cache-miss
509 http fetch GET 200 https://registry.npmjs.org/is-binary-path 416ms (cache miss)
510 silly packumentCache corgi:https://registry.npmjs.org/is-binary-path set size:undefined disposed:false
511 silly inflate node_modules/math-intrinsics
512 silly packumentCache corgi:https://registry.npmjs.org/math-intrinsics cache-miss
513 http fetch GET 200 https://registry.npmjs.org/lodash.isinteger 197ms (cache miss)
514 silly packumentCache corgi:https://registry.npmjs.org/lodash.isinteger set size:undefined disposed:false
515 silly inflate node_modules/media-typer
516 silly packumentCache corgi:https://registry.npmjs.org/media-typer cache-miss
517 http fetch GET 200 https://registry.npmjs.org/lodash.isplainobject 181ms (cache miss)
518 silly packumentCache corgi:https://registry.npmjs.org/lodash.isplainobject set size:undefined disposed:false
519 silly inflate node_modules/merge-descriptors
520 silly packumentCache corgi:https://registry.npmjs.org/merge-descriptors cache-miss
521 http fetch GET 200 https://registry.npmjs.org/lodash.isnumber 202ms (cache miss)
522 silly packumentCache corgi:https://registry.npmjs.org/lodash.isnumber set size:undefined disposed:false
523 silly inflate node_modules/methods
524 silly packumentCache corgi:https://registry.npmjs.org/methods cache-miss
525 http fetch GET 200 https://registry.npmjs.org/jwa 348ms (cache miss)
526 silly packumentCache corgi:https://registry.npmjs.org/jwa set size:undefined disposed:false
527 silly inflate node_modules/mime
528 silly packumentCache corgi:https://registry.npmjs.org/mime cache-miss
529 http fetch GET 200 https://registry.npmjs.org/lodash.once 176ms (cache miss)
530 silly packumentCache corgi:https://registry.npmjs.org/lodash.once set size:undefined disposed:false
531 silly inflate node_modules/mime-db
532 silly packumentCache corgi:https://registry.npmjs.org/mime-db cache-miss
533 http fetch GET 200 https://registry.npmjs.org/jsonwebtoken 397ms (cache miss)
534 silly packumentCache corgi:https://registry.npmjs.org/jsonwebtoken set size:undefined disposed:false
535 silly inflate node_modules/mime-types
536 silly packumentCache corgi:https://registry.npmjs.org/mime-types cache-miss
537 http fetch GET 200 https://registry.npmjs.org/math-intrinsics 182ms (cache miss)
538 silly packumentCache corgi:https://registry.npmjs.org/math-intrinsics set size:undefined disposed:false
539 silly inflate node_modules/mimic-response
540 silly packumentCache corgi:https://registry.npmjs.org/mimic-response cache-miss
541 http fetch GET 200 https://registry.npmjs.org/lodash.isboolean 410ms (cache miss)
542 silly packumentCache corgi:https://registry.npmjs.org/lodash.isboolean set size:undefined disposed:false
543 silly inflate node_modules/minimatch
544 silly packumentCache corgi:https://registry.npmjs.org/minimatch cache-miss
545 http cache https://registry.npmjs.org/minimatch 4ms (cache hit)
546 silly packumentCache corgi:https://registry.npmjs.org/minimatch set size:168441 disposed:false
547 silly inflate node_modules/minimist
548 silly packumentCache corgi:https://registry.npmjs.org/minimist cache-miss
549 http fetch GET 200 https://registry.npmjs.org/media-typer 174ms (cache miss)
550 silly packumentCache corgi:https://registry.npmjs.org/media-typer set size:undefined disposed:false
551 silly inflate node_modules/minipass
552 silly packumentCache corgi:https://registry.npmjs.org/minipass cache-miss
553 http fetch GET 200 https://registry.npmjs.org/merge-descriptors 186ms (cache miss)
554 silly packumentCache corgi:https://registry.npmjs.org/merge-descriptors set size:undefined disposed:false
555 silly inflate node_modules/minipass-collect
556 silly packumentCache corgi:https://registry.npmjs.org/minipass-collect cache-miss
557 http fetch GET 200 https://registry.npmjs.org/methods 177ms (cache miss)
558 silly packumentCache corgi:https://registry.npmjs.org/methods set size:undefined disposed:false
559 silly inflate node_modules/minipass-fetch
560 silly packumentCache corgi:https://registry.npmjs.org/minipass-fetch cache-miss
561 http fetch GET 200 https://registry.npmjs.org/mime 196ms (cache miss)
562 silly packumentCache corgi:https://registry.npmjs.org/mime set size:undefined disposed:false
563 silly inflate node_modules/minipass-flush
564 silly packumentCache corgi:https://registry.npmjs.org/minipass-flush cache-miss
565 http fetch GET 200 https://registry.npmjs.org/mimic-response 175ms (cache miss)
566 silly packumentCache corgi:https://registry.npmjs.org/mimic-response set size:undefined disposed:false
567 silly inflate node_modules/minipass-pipeline
568 silly packumentCache corgi:https://registry.npmjs.org/minipass-pipeline cache-miss
569 http fetch GET 200 https://registry.npmjs.org/make-fetch-happen 394ms (cache miss)
570 silly packumentCache corgi:https://registry.npmjs.org/make-fetch-happen set size:undefined disposed:false
571 silly inflate node_modules/minipass-sized
572 silly packumentCache corgi:https://registry.npmjs.org/minipass-sized cache-miss
573 http fetch GET 200 https://registry.npmjs.org/is-glob 771ms (cache miss)
574 silly packumentCache corgi:https://registry.npmjs.org/is-glob set size:undefined disposed:false
575 silly inflate node_modules/minizlib
576 silly packumentCache corgi:https://registry.npmjs.org/minizlib cache-miss
577 http fetch GET 200 https://registry.npmjs.org/humanize-ms 1098ms (cache miss)
578 silly packumentCache corgi:https://registry.npmjs.org/humanize-ms set size:undefined disposed:false
579 silly inflate node_modules/mkdirp
580 silly packumentCache corgi:https://registry.npmjs.org/mkdirp cache-miss
581 http fetch GET 200 https://registry.npmjs.org/minipass-fetch 189ms (cache miss)
582 silly packumentCache corgi:https://registry.npmjs.org/minipass-fetch set size:undefined disposed:false
583 silly inflate node_modules/mkdirp-classic
584 silly packumentCache corgi:https://registry.npmjs.org/mkdirp-classic cache-miss
585 http fetch GET 200 https://registry.npmjs.org/minipass-collect 192ms (cache miss)
586 silly packumentCache corgi:https://registry.npmjs.org/minipass-collect set size:undefined disposed:false
587 silly inflate node_modules/ms
588 silly packumentCache corgi:https://registry.npmjs.org/ms cache-hit
589 silly inflate node_modules/napi-build-utils
590 silly packumentCache corgi:https://registry.npmjs.org/napi-build-utils cache-miss
591 http fetch GET 200 https://registry.npmjs.org/mime-db 390ms (cache miss)
592 silly packumentCache corgi:https://registry.npmjs.org/mime-db set size:undefined disposed:false
593 silly inflate node_modules/negotiator
594 silly packumentCache corgi:https://registry.npmjs.org/negotiator cache-miss
595 http fetch GET 200 https://registry.npmjs.org/mime-types 388ms (cache miss)
596 silly packumentCache corgi:https://registry.npmjs.org/mime-types set size:undefined disposed:false
597 silly inflate node_modules/node-abi
598 silly packumentCache corgi:https://registry.npmjs.org/node-abi cache-miss
599 http fetch GET 200 https://registry.npmjs.org/minimist 348ms (cache miss)
600 silly packumentCache corgi:https://registry.npmjs.org/minimist set size:undefined disposed:false
601 silly inflate node_modules/node-addon-api
602 silly packumentCache corgi:https://registry.npmjs.org/node-addon-api cache-miss
603 http fetch GET 200 https://registry.npmjs.org/minizlib 191ms (cache miss)
604 silly packumentCache corgi:https://registry.npmjs.org/minizlib set size:undefined disposed:false
605 silly inflate node_modules/node-gyp
606 silly packumentCache corgi:https://registry.npmjs.org/node-gyp cache-miss
607 http fetch GET 200 https://registry.npmjs.org/mkdirp 193ms (cache miss)
608 silly packumentCache corgi:https://registry.npmjs.org/mkdirp set size:undefined disposed:false
609 silly inflate node_modules/nodemon
610 silly packumentCache corgi:https://registry.npmjs.org/nodemon cache-miss
611 http fetch GET 200 https://registry.npmjs.org/mkdirp-classic 172ms (cache miss)
612 silly packumentCache corgi:https://registry.npmjs.org/mkdirp-classic set size:undefined disposed:false
613 silly inflate node_modules/nodemon/node_modules/debug
614 silly packumentCache corgi:https://registry.npmjs.org/debug cache-hit
615 silly inflate node_modules/nodemon/node_modules/ms
616 silly packumentCache corgi:https://registry.npmjs.org/ms cache-hit
617 silly inflate node_modules/nopt
618 silly packumentCache corgi:https://registry.npmjs.org/nopt cache-miss
619 http fetch GET 200 https://registry.npmjs.org/lodash.isstring 769ms (cache miss)
620 silly packumentCache corgi:https://registry.npmjs.org/lodash.isstring set size:undefined disposed:false
621 silly inflate node_modules/normalize-path
622 silly packumentCache corgi:https://registry.npmjs.org/normalize-path cache-miss
623 http fetch GET 200 https://registry.npmjs.org/minipass-pipeline 387ms (cache miss)
624 silly packumentCache corgi:https://registry.npmjs.org/minipass-pipeline set size:undefined disposed:false
625 silly inflate node_modules/npmlog
626 silly packumentCache corgi:https://registry.npmjs.org/npmlog cache-miss
627 http fetch GET 200 https://registry.npmjs.org/negotiator 388ms (cache miss)
628 silly packumentCache corgi:https://registry.npmjs.org/negotiator set size:undefined disposed:false
629 silly inflate node_modules/object-assign
630 silly packumentCache corgi:https://registry.npmjs.org/object-assign cache-miss
631 http fetch GET 200 https://registry.npmjs.org/nodemon 361ms (cache miss)
632 silly packumentCache corgi:https://registry.npmjs.org/nodemon set size:undefined disposed:false
633 silly inflate node_modules/object-inspect
634 silly packumentCache corgi:https://registry.npmjs.org/object-inspect cache-miss
635 http fetch GET 200 https://registry.npmjs.org/node-addon-api 390ms (cache miss)
636 silly packumentCache corgi:https://registry.npmjs.org/node-addon-api set size:undefined disposed:false
637 silly inflate node_modules/on-finished
638 silly packumentCache corgi:https://registry.npmjs.org/on-finished cache-miss
639 http fetch GET 200 https://registry.npmjs.org/nopt 379ms (cache miss)
640 silly packumentCache corgi:https://registry.npmjs.org/nopt set size:undefined disposed:false
641 silly inflate node_modules/once
642 silly packumentCache corgi:https://registry.npmjs.org/once cache-miss
643 http fetch GET 200 https://registry.npmjs.org/minipass-flush 742ms (cache miss)
644 silly packumentCache corgi:https://registry.npmjs.org/minipass-flush set size:undefined disposed:false
645 silly inflate node_modules/p-map
646 silly packumentCache corgi:https://registry.npmjs.org/p-map cache-miss
647 http fetch GET 200 https://registry.npmjs.org/node-abi 551ms (cache miss)
648 silly packumentCache corgi:https://registry.npmjs.org/node-abi set size:undefined disposed:false
649 silly inflate node_modules/parseurl
650 silly packumentCache corgi:https://registry.npmjs.org/parseurl cache-miss
651 http fetch GET 200 https://registry.npmjs.org/object-assign 181ms (cache miss)
652 silly packumentCache corgi:https://registry.npmjs.org/object-assign set size:undefined disposed:false
653 silly inflate node_modules/path-is-absolute
654 silly packumentCache corgi:https://registry.npmjs.org/path-is-absolute cache-miss
655 http fetch GET 200 https://registry.npmjs.org/object-inspect 185ms (cache miss)
656 silly packumentCache corgi:https://registry.npmjs.org/object-inspect set size:undefined disposed:false
657 silly inflate node_modules/path-to-regexp
658 silly packumentCache corgi:https://registry.npmjs.org/path-to-regexp cache-miss
659 http fetch GET 200 https://registry.npmjs.org/on-finished 194ms (cache miss)
660 silly packumentCache corgi:https://registry.npmjs.org/on-finished set size:undefined disposed:false
661 silly inflate node_modules/picomatch
662 silly packumentCache corgi:https://registry.npmjs.org/picomatch cache-miss
663 http fetch GET 200 https://registry.npmjs.org/napi-build-utils 738ms (cache miss)
664 silly packumentCache corgi:https://registry.npmjs.org/napi-build-utils set size:undefined disposed:false
665 silly inflate node_modules/prebuild-install
666 silly packumentCache corgi:https://registry.npmjs.org/prebuild-install cache-miss
667 http fetch GET 200 https://registry.npmjs.org/path-is-absolute 185ms (cache miss)
668 silly packumentCache corgi:https://registry.npmjs.org/path-is-absolute set size:undefined disposed:false
669 silly inflate node_modules/promise-inflight
670 silly packumentCache corgi:https://registry.npmjs.org/promise-inflight cache-miss
671 http fetch GET 200 https://registry.npmjs.org/parseurl 203ms (cache miss)
672 silly packumentCache corgi:https://registry.npmjs.org/parseurl set size:undefined disposed:false
673 silly inflate node_modules/promise-retry
674 silly packumentCache corgi:https://registry.npmjs.org/promise-retry cache-miss
675 http fetch GET 200 https://registry.npmjs.org/minipass-sized 909ms (cache miss)
676 silly packumentCache corgi:https://registry.npmjs.org/minipass-sized set size:undefined disposed:false
677 silly inflate node_modules/proxy-addr
678 silly packumentCache corgi:https://registry.npmjs.org/proxy-addr cache-miss
679 http fetch GET 200 https://registry.npmjs.org/npmlog 584ms (cache miss)
680 silly packumentCache corgi:https://registry.npmjs.org/npmlog set size:undefined disposed:false
681 silly inflate node_modules/pstree.remy
682 silly packumentCache corgi:https://registry.npmjs.org/pstree.remy cache-miss
683 http fetch GET 200 https://registry.npmjs.org/picomatch 199ms (cache miss)
684 silly packumentCache corgi:https://registry.npmjs.org/picomatch set size:undefined disposed:false
685 silly inflate node_modules/pump
686 silly packumentCache corgi:https://registry.npmjs.org/pump cache-miss
687 http fetch GET 200 https://registry.npmjs.org/once 371ms (cache miss)
688 silly packumentCache corgi:https://registry.npmjs.org/once set size:undefined disposed:false
689 silly inflate node_modules/qs
690 silly packumentCache corgi:https://registry.npmjs.org/qs cache-miss
691 http fetch GET 200 https://registry.npmjs.org/prebuild-install 197ms (cache miss)
692 silly packumentCache corgi:https://registry.npmjs.org/prebuild-install set size:undefined disposed:false
693 silly inflate node_modules/range-parser
694 silly packumentCache corgi:https://registry.npmjs.org/range-parser cache-miss
695 http fetch GET 200 https://registry.npmjs.org/promise-inflight 228ms (cache miss)
696 silly packumentCache corgi:https://registry.npmjs.org/promise-inflight set size:undefined disposed:false
697 silly inflate node_modules/raw-body
698 silly packumentCache corgi:https://registry.npmjs.org/raw-body cache-miss
699 http fetch GET 200 https://registry.npmjs.org/normalize-path 819ms (cache miss)
700 silly packumentCache corgi:https://registry.npmjs.org/normalize-path set size:undefined disposed:false
701 silly inflate node_modules/rc
702 silly packumentCache corgi:https://registry.npmjs.org/rc cache-miss
703 http fetch GET 200 https://registry.npmjs.org/pstree.remy 191ms (cache miss)
704 silly packumentCache corgi:https://registry.npmjs.org/pstree.remy set size:undefined disposed:false
705 silly inflate node_modules/readable-stream
706 silly packumentCache corgi:https://registry.npmjs.org/readable-stream cache-miss
707 http fetch GET 200 https://registry.npmjs.org/path-to-regexp 397ms (cache miss)
708 silly packumentCache corgi:https://registry.npmjs.org/path-to-regexp set size:undefined disposed:false
709 silly inflate node_modules/readdirp
710 silly packumentCache corgi:https://registry.npmjs.org/readdirp cache-miss
711 http fetch GET 200 https://registry.npmjs.org/node-gyp 965ms (cache miss)
712 silly packumentCache corgi:https://registry.npmjs.org/node-gyp set size:undefined disposed:false
713 silly inflate node_modules/retry
714 silly packumentCache corgi:https://registry.npmjs.org/retry cache-miss
715 http fetch GET 200 https://registry.npmjs.org/range-parser 174ms (cache miss)
716 silly packumentCache corgi:https://registry.npmjs.org/range-parser set size:undefined disposed:false
717 silly inflate node_modules/rimraf
718 silly packumentCache corgi:https://registry.npmjs.org/rimraf cache-miss
719 http fetch GET 200 https://registry.npmjs.org/p-map 595ms (cache miss)
720 silly packumentCache corgi:https://registry.npmjs.org/p-map set size:undefined disposed:false
721 silly inflate node_modules/safe-buffer
722 silly packumentCache corgi:https://registry.npmjs.org/safe-buffer cache-miss
723 http fetch GET 200 https://registry.npmjs.org/promise-retry 386ms (cache miss)
724 silly packumentCache corgi:https://registry.npmjs.org/promise-retry set size:undefined disposed:false
725 silly inflate node_modules/safer-buffer
726 silly packumentCache corgi:https://registry.npmjs.org/safer-buffer cache-miss
727 http fetch GET 200 https://registry.npmjs.org/proxy-addr 394ms (cache miss)
728 silly packumentCache corgi:https://registry.npmjs.org/proxy-addr set size:undefined disposed:false
729 silly inflate node_modules/semver
730 silly packumentCache corgi:https://registry.npmjs.org/semver cache-miss
731 http fetch GET 200 https://registry.npmjs.org/lru-cache 1720ms (cache miss)
732 silly packumentCache corgi:https://registry.npmjs.org/lru-cache set size:undefined disposed:false
733 silly inflate node_modules/send
734 silly packumentCache corgi:https://registry.npmjs.org/send cache-miss
735 http fetch GET 200 https://registry.npmjs.org/raw-body 189ms (cache miss)
736 silly packumentCache corgi:https://registry.npmjs.org/raw-body set size:undefined disposed:false
737 silly inflate node_modules/send/node_modules/ms
738 silly packumentCache corgi:https://registry.npmjs.org/ms cache-hit
739 silly inflate node_modules/serve-static
740 silly packumentCache corgi:https://registry.npmjs.org/serve-static cache-miss
741 http fetch GET 200 https://registry.npmjs.org/readable-stream 218ms (cache miss)
742 silly packumentCache corgi:https://registry.npmjs.org/readable-stream set size:undefined disposed:false
743 silly inflate node_modules/set-blocking
744 silly packumentCache corgi:https://registry.npmjs.org/set-blocking cache-miss
745 http fetch GET 200 https://registry.npmjs.org/pump 349ms (cache miss)
746 silly packumentCache corgi:https://registry.npmjs.org/pump set size:undefined disposed:false
747 silly inflate node_modules/setprototypeof
748 silly packumentCache corgi:https://registry.npmjs.org/setprototypeof cache-miss
749 http fetch GET 200 https://registry.npmjs.org/retry 176ms (cache miss)
750 silly packumentCache corgi:https://registry.npmjs.org/retry set size:undefined disposed:false
751 silly inflate node_modules/side-channel
752 silly packumentCache corgi:https://registry.npmjs.org/side-channel cache-miss
753 http fetch GET 200 https://registry.npmjs.org/qs 389ms (cache miss)
754 silly packumentCache corgi:https://registry.npmjs.org/qs set size:undefined disposed:false
755 silly inflate node_modules/side-channel-list
756 silly packumentCache corgi:https://registry.npmjs.org/side-channel-list cache-miss
757 http fetch GET 200 https://registry.npmjs.org/safe-buffer 178ms (cache miss)
758 silly packumentCache corgi:https://registry.npmjs.org/safe-buffer set size:undefined disposed:false
759 silly inflate node_modules/side-channel-map
760 silly packumentCache corgi:https://registry.npmjs.org/side-channel-map cache-miss
761 http fetch GET 200 https://registry.npmjs.org/setprototypeof 176ms (cache miss)
762 silly packumentCache corgi:https://registry.npmjs.org/setprototypeof set size:undefined disposed:false
763 silly inflate node_modules/side-channel-weakmap
764 silly packumentCache corgi:https://registry.npmjs.org/side-channel-weakmap cache-miss
765 http fetch GET 200 https://registry.npmjs.org/readdirp 382ms (cache miss)
766 silly packumentCache corgi:https://registry.npmjs.org/readdirp set size:undefined disposed:false
767 silly inflate node_modules/signal-exit
768 silly packumentCache corgi:https://registry.npmjs.org/signal-exit cache-miss
769 http fetch GET 200 https://registry.npmjs.org/side-channel-list 183ms (cache miss)
770 silly packumentCache corgi:https://registry.npmjs.org/side-channel-list set size:undefined disposed:false
771 silly inflate node_modules/simple-concat
772 silly packumentCache corgi:https://registry.npmjs.org/simple-concat cache-miss
773 http fetch GET 200 https://registry.npmjs.org/side-channel-map 173ms (cache miss)
774 silly packumentCache corgi:https://registry.npmjs.org/side-channel-map set size:undefined disposed:false
775 silly inflate node_modules/simple-get
776 silly packumentCache corgi:https://registry.npmjs.org/simple-get cache-miss
777 http fetch GET 200 https://registry.npmjs.org/safer-buffer 380ms (cache miss)
778 silly packumentCache corgi:https://registry.npmjs.org/safer-buffer set size:undefined disposed:false
779 silly inflate node_modules/simple-update-notifier
780 silly packumentCache corgi:https://registry.npmjs.org/simple-update-notifier cache-miss
781 http fetch GET 200 https://registry.npmjs.org/semver 398ms (cache miss)
782 silly packumentCache corgi:https://registry.npmjs.org/semver set size:undefined disposed:false
783 silly inflate node_modules/smart-buffer
784 silly packumentCache corgi:https://registry.npmjs.org/smart-buffer cache-miss
785 http fetch GET 200 https://registry.npmjs.org/side-channel-weakmap 175ms (cache miss)
786 silly packumentCache corgi:https://registry.npmjs.org/side-channel-weakmap set size:undefined disposed:false
787 silly inflate node_modules/socks
788 silly packumentCache corgi:https://registry.npmjs.org/socks cache-miss
789 http fetch GET 200 https://registry.npmjs.org/set-blocking 382ms (cache miss)
790 silly packumentCache corgi:https://registry.npmjs.org/set-blocking set size:undefined disposed:false
791 silly inflate node_modules/socks-proxy-agent
792 silly packumentCache corgi:https://registry.npmjs.org/socks-proxy-agent cache-miss
793 http fetch GET 200 https://registry.npmjs.org/side-channel 378ms (cache miss)
794 silly packumentCache corgi:https://registry.npmjs.org/side-channel set size:undefined disposed:false
795 silly inflate node_modules/socks-proxy-agent/node_modules/debug
796 silly packumentCache corgi:https://registry.npmjs.org/debug cache-hit
797 silly inflate node_modules/socks-proxy-agent/node_modules/ms
798 silly packumentCache corgi:https://registry.npmjs.org/ms cache-hit
799 silly inflate node_modules/sqlite3
800 silly packumentCache corgi:https://registry.npmjs.org/sqlite3 cache-miss
801 http fetch GET 200 https://registry.npmjs.org/signal-exit 186ms (cache miss)
802 silly packumentCache corgi:https://registry.npmjs.org/signal-exit set size:undefined disposed:false
803 silly inflate node_modules/ssri
804 silly packumentCache corgi:https://registry.npmjs.org/ssri cache-miss
805 http fetch GET 200 https://registry.npmjs.org/simple-concat 173ms (cache miss)
806 silly packumentCache corgi:https://registry.npmjs.org/simple-concat set size:undefined disposed:false
807 silly inflate node_modules/statuses
808 silly packumentCache corgi:https://registry.npmjs.org/statuses cache-miss
809 http fetch GET 200 https://registry.npmjs.org/smart-buffer 195ms (cache miss)
810 silly packumentCache corgi:https://registry.npmjs.org/smart-buffer set size:undefined disposed:false
811 silly inflate node_modules/string-width
812 silly packumentCache corgi:https://registry.npmjs.org/string-width cache-miss
813 http fetch GET 200 https://registry.npmjs.org/rimraf 704ms (cache miss)
814 silly packumentCache corgi:https://registry.npmjs.org/rimraf set size:undefined disposed:false
815 silly inflate node_modules/string_decoder
816 silly packumentCache corgi:https://registry.npmjs.org/string_decoder cache-miss
817 http fetch GET 200 https://registry.npmjs.org/socks-proxy-agent 187ms (cache miss)
818 silly packumentCache corgi:https://registry.npmjs.org/socks-proxy-agent set size:undefined disposed:false
819 silly inflate node_modules/strip-ansi
820 silly packumentCache corgi:https://registry.npmjs.org/strip-ansi cache-miss
821 http fetch GET 200 https://registry.npmjs.org/statuses 184ms (cache miss)
822 silly packumentCache corgi:https://registry.npmjs.org/statuses set size:undefined disposed:false
823 silly inflate node_modules/strip-json-comments
824 silly packumentCache corgi:https://registry.npmjs.org/strip-json-comments cache-miss
825 http fetch GET 200 https://registry.npmjs.org/sqlite3 213ms (cache miss)
826 silly packumentCache corgi:https://registry.npmjs.org/sqlite3 set size:undefined disposed:false
827 silly inflate node_modules/supports-color
828 silly packumentCache corgi:https://registry.npmjs.org/supports-color cache-miss
829 http fetch GET 200 https://registry.npmjs.org/rc 846ms (cache miss)
830 silly packumentCache corgi:https://registry.npmjs.org/rc set size:undefined disposed:false
831 silly inflate node_modules/tar
832 silly packumentCache corgi:https://registry.npmjs.org/tar cache-miss
833 http fetch GET 200 https://registry.npmjs.org/simple-get 392ms (cache miss)
834 silly packumentCache corgi:https://registry.npmjs.org/simple-get set size:undefined disposed:false
835 silly inflate node_modules/tar/node_modules/minipass
836 silly packumentCache corgi:https://registry.npmjs.org/minipass cache-miss
837 http fetch GET 200 https://registry.npmjs.org/simple-update-notifier 392ms (cache miss)
838 silly packumentCache corgi:https://registry.npmjs.org/simple-update-notifier set size:undefined disposed:false
839 silly inflate node_modules/tar-fs
840 silly packumentCache corgi:https://registry.npmjs.org/tar-fs cache-miss
841 http fetch GET 200 https://registry.npmjs.org/string-width 180ms (cache miss)
842 silly packumentCache corgi:https://registry.npmjs.org/string-width set size:undefined disposed:false
843 silly inflate node_modules/tar-fs/node_modules/chownr
844 silly packumentCache corgi:https://registry.npmjs.org/chownr cache-miss
845 http cache https://registry.npmjs.org/chownr 3ms (cache hit)
846 silly packumentCache corgi:https://registry.npmjs.org/chownr set size:11768 disposed:false
847 silly inflate node_modules/tar-stream
848 silly packumentCache corgi:https://registry.npmjs.org/tar-stream cache-miss
849 http fetch GET 200 https://registry.npmjs.org/send 804ms (cache miss)
850 silly packumentCache corgi:https://registry.npmjs.org/send set size:undefined disposed:false
851 silly inflate node_modules/to-regex-range
852 silly packumentCache corgi:https://registry.npmjs.org/to-regex-range cache-miss
853 http fetch GET 200 https://registry.npmjs.org/supports-color 189ms (cache miss)
854 silly packumentCache corgi:https://registry.npmjs.org/supports-color set size:undefined disposed:false
855 silly inflate node_modules/toidentifier
856 silly packumentCache corgi:https://registry.npmjs.org/toidentifier cache-miss
857 http fetch GET 200 https://registry.npmjs.org/socks 444ms (cache miss)
858 silly packumentCache corgi:https://registry.npmjs.org/socks set size:undefined disposed:false
859 silly inflate node_modules/touch
860 silly packumentCache corgi:https://registry.npmjs.org/touch cache-miss
861 http fetch GET 200 https://registry.npmjs.org/tar-fs 189ms (cache miss)
862 silly packumentCache corgi:https://registry.npmjs.org/tar-fs set size:undefined disposed:false
863 silly inflate node_modules/tunnel-agent
864 silly packumentCache corgi:https://registry.npmjs.org/tunnel-agent cache-miss
865 http fetch GET 200 https://registry.npmjs.org/serve-static 940ms (cache miss)
866 silly packumentCache corgi:https://registry.npmjs.org/serve-static set size:undefined disposed:false
867 silly inflate node_modules/type-is
868 silly packumentCache corgi:https://registry.npmjs.org/type-is cache-miss
869 http fetch GET 200 https://registry.npmjs.org/tar-stream 188ms (cache miss)
870 silly packumentCache corgi:https://registry.npmjs.org/tar-stream set size:undefined disposed:false
871 silly inflate node_modules/undefsafe
872 silly packumentCache corgi:https://registry.npmjs.org/undefsafe cache-miss
873 http fetch GET 200 https://registry.npmjs.org/string_decoder 384ms (cache miss)
874 silly packumentCache corgi:https://registry.npmjs.org/string_decoder set size:undefined disposed:false
875 silly inflate node_modules/unique-filename
876 silly packumentCache corgi:https://registry.npmjs.org/unique-filename cache-miss
877 http fetch GET 200 https://registry.npmjs.org/strip-ansi 416ms (cache miss)
878 silly packumentCache corgi:https://registry.npmjs.org/strip-ansi set size:undefined disposed:false
879 silly inflate node_modules/unique-slug
880 silly packumentCache corgi:https://registry.npmjs.org/unique-slug cache-miss
881 http fetch GET 200 https://registry.npmjs.org/touch 181ms (cache miss)
882 silly packumentCache corgi:https://registry.npmjs.org/touch set size:undefined disposed:false
883 silly inflate node_modules/unpipe
884 silly packumentCache corgi:https://registry.npmjs.org/unpipe cache-miss
885 http fetch GET 200 https://registry.npmjs.org/tar 454ms (cache miss)
886 silly packumentCache corgi:https://registry.npmjs.org/tar set size:undefined disposed:false
887 silly inflate node_modules/util-deprecate
888 silly packumentCache corgi:https://registry.npmjs.org/util-deprecate cache-miss
889 http fetch GET 200 https://registry.npmjs.org/tunnel-agent 193ms (cache miss)
890 silly packumentCache corgi:https://registry.npmjs.org/tunnel-agent set size:undefined disposed:false
891 silly inflate node_modules/utils-merge
892 silly packumentCache corgi:https://registry.npmjs.org/utils-merge cache-miss
893 http fetch GET 200 https://registry.npmjs.org/to-regex-range 364ms (cache miss)
894 silly packumentCache corgi:https://registry.npmjs.org/to-regex-range set size:undefined disposed:false
895 silly inflate node_modules/uuid
896 silly packumentCache corgi:https://registry.npmjs.org/uuid cache-miss
897 http fetch GET 200 https://registry.npmjs.org/unique-filename 188ms (cache miss)
898 silly packumentCache corgi:https://registry.npmjs.org/unique-filename set size:undefined disposed:false
899 silly inflate node_modules/vary
900 silly packumentCache corgi:https://registry.npmjs.org/vary cache-miss
901 http fetch GET 200 https://registry.npmjs.org/undefsafe 251ms (cache miss)
902 silly packumentCache corgi:https://registry.npmjs.org/undefsafe set size:undefined disposed:false
903 silly inflate node_modules/which
904 silly packumentCache corgi:https://registry.npmjs.org/which cache-miss
905 http fetch GET 200 https://registry.npmjs.org/strip-json-comments 571ms (cache miss)
906 silly packumentCache corgi:https://registry.npmjs.org/strip-json-comments set size:undefined disposed:false
907 silly inflate node_modules/wide-align
908 silly packumentCache corgi:https://registry.npmjs.org/wide-align cache-miss
909 http fetch GET 200 https://registry.npmjs.org/toidentifier 396ms (cache miss)
910 silly packumentCache corgi:https://registry.npmjs.org/toidentifier set size:undefined disposed:false
911 silly inflate node_modules/wrappy
912 silly packumentCache corgi:https://registry.npmjs.org/wrappy cache-miss
913 http fetch GET 200 https://registry.npmjs.org/utils-merge 181ms (cache miss)
914 silly packumentCache corgi:https://registry.npmjs.org/utils-merge set size:undefined disposed:false
915 silly inflate node_modules/yallist
916 silly packumentCache corgi:https://registry.npmjs.org/yallist cache-miss
917 http fetch GET 200 https://registry.npmjs.org/util-deprecate 185ms (cache miss)
918 silly packumentCache corgi:https://registry.npmjs.org/util-deprecate set size:undefined disposed:false
919 http fetch GET 200 https://registry.npmjs.org/type-is 392ms (cache miss)
920 silly packumentCache corgi:https://registry.npmjs.org/type-is set size:undefined disposed:false
921 http fetch GET 200 https://registry.npmjs.org/ssri 904ms (cache miss)
922 silly packumentCache corgi:https://registry.npmjs.org/ssri set size:undefined disposed:false
923 http fetch GET 200 https://registry.npmjs.org/vary 179ms (cache miss)
924 silly packumentCache corgi:https://registry.npmjs.org/vary set size:undefined disposed:false
925 http fetch GET 200 https://registry.npmjs.org/wrappy 184ms (cache miss)
926 silly packumentCache corgi:https://registry.npmjs.org/wrappy set size:undefined disposed:false
927 http fetch GET 200 https://registry.npmjs.org/wide-align 232ms (cache miss)
928 silly packumentCache corgi:https://registry.npmjs.org/wide-align set size:undefined disposed:false
929 http fetch GET 200 https://registry.npmjs.org/which 385ms (cache miss)
930 silly packumentCache corgi:https://registry.npmjs.org/which set size:undefined disposed:false
931 http fetch GET 200 https://registry.npmjs.org/unique-slug 618ms (cache miss)
932 silly packumentCache corgi:https://registry.npmjs.org/unique-slug set size:undefined disposed:false
933 http fetch GET 200 https://registry.npmjs.org/yallist 374ms (cache miss)
934 silly packumentCache corgi:https://registry.npmjs.org/yallist set size:undefined disposed:false
935 http fetch GET 200 https://registry.npmjs.org/unpipe 745ms (cache miss)
936 silly packumentCache corgi:https://registry.npmjs.org/unpipe set size:undefined disposed:false
937 http fetch GET 200 https://registry.npmjs.org/uuid 656ms (cache miss)
938 silly packumentCache corgi:https://registry.npmjs.org/uuid set size:undefined disposed:false
939 http fetch GET 200 https://registry.npmjs.org/minipass 3251ms (cache miss)
940 silly packumentCache corgi:https://registry.npmjs.org/minipass set size:undefined disposed:false
941 http fetch GET 200 https://registry.npmjs.org/minipass 3231ms (cache miss)
942 silly packumentCache corgi:https://registry.npmjs.org/minipass set size:undefined disposed:false
943 silly idealTree buildDeps
944 silly fetch manifest express-validator@^7.0.1
945 silly packumentCache full:https://registry.npmjs.org/express-validator cache-miss
946 http fetch GET 200 https://registry.npmjs.org/express-validator 1489ms (cache miss)
947 silly packumentCache full:https://registry.npmjs.org/express-validator set size:undefined disposed:false
948 silly fetch manifest multer@^1.4.5-lts.1
949 silly packumentCache full:https://registry.npmjs.org/multer cache-miss
950 http fetch GET 200 https://registry.npmjs.org/multer 675ms (cache miss)
951 silly packumentCache full:https://registry.npmjs.org/multer set size:undefined disposed:false
952 silly fetch manifest pdfkit@^0.15.0
953 silly packumentCache full:https://registry.npmjs.org/pdfkit cache-miss
954 http fetch GET 200 https://registry.npmjs.org/pdfkit 416ms (cache miss)
955 silly packumentCache full:https://registry.npmjs.org/pdfkit set size:undefined disposed:false
956 silly fetch manifest dotenv@^16.4.5
957 silly packumentCache full:https://registry.npmjs.org/dotenv cache-miss
958 http fetch GET 200 https://registry.npmjs.org/dotenv 637ms (cache miss)
959 silly packumentCache full:https://registry.npmjs.org/dotenv set size:undefined disposed:false
960 silly fetch manifest moment@^2.30.1
961 silly packumentCache full:https://registry.npmjs.org/moment cache-miss
962 http fetch GET 200 https://registry.npmjs.org/moment 1736ms (cache miss)
963 silly packumentCache full:https://registry.npmjs.org/moment set size:undefined disposed:false
964 silly fetch manifest geoip-lite@^1.4.9
965 silly packumentCache full:https://registry.npmjs.org/geoip-lite cache-miss
966 http fetch GET 200 https://registry.npmjs.org/geoip-lite 968ms (cache miss)
967 silly packumentCache full:https://registry.npmjs.org/geoip-lite set size:undefined disposed:false
968 silly fetch manifest axios@^1.6.8
969 silly packumentCache full:https://registry.npmjs.org/axios cache-miss
970 http fetch GET 200 https://registry.npmjs.org/axios 1880ms (cache miss)
971 silly packumentCache full:https://registry.npmjs.org/axios set size:undefined disposed:false
972 silly placeDep ROOT axios@1.16.1 OK for: petcare-backend@1.0.0 want: ^1.6.8
973 silly placeDep ROOT dotenv@16.6.1 OK for: petcare-backend@1.0.0 want: ^16.4.5
974 silly placeDep ROOT express-validator@7.3.2 OK for: petcare-backend@1.0.0 want: ^7.0.1
975 silly placeDep ROOT geoip-lite@1.4.10 OK for: petcare-backend@1.0.0 want: ^1.4.9
976 silly placeDep ROOT moment@2.30.1 OK for: petcare-backend@1.0.0 want: ^2.30.1
977 silly placeDep ROOT multer@1.4.5-lts.2 OK for: petcare-backend@1.0.0 want: ^1.4.5-lts.1
978 silly placeDep ROOT pdfkit@0.15.2 OK for: petcare-backend@1.0.0 want: ^0.15.0
979 silly fetch manifest follow-redirects@^1.16.0
980 silly packumentCache full:https://registry.npmjs.org/follow-redirects cache-miss
981 silly fetch manifest form-data@^4.0.5
982 silly packumentCache full:https://registry.npmjs.org/form-data cache-miss
983 silly fetch manifest proxy-from-env@^2.1.0
984 silly packumentCache full:https://registry.npmjs.org/proxy-from-env cache-miss
985 silly fetch manifest lodash@^4.18.1
986 silly packumentCache full:https://registry.npmjs.org/lodash cache-miss
987 silly fetch manifest validator@~13.15.23
988 silly packumentCache full:https://registry.npmjs.org/validator cache-miss
989 silly fetch manifest lazy@1.0.11
990 silly packumentCache full:https://registry.npmjs.org/lazy cache-miss
991 silly fetch manifest async@2.1 - 2.6.4
992 silly packumentCache full:https://registry.npmjs.org/async cache-miss
993 silly fetch manifest chalk@4.1 - 4.1.2
994 silly packumentCache full:https://registry.npmjs.org/chalk cache-miss
995 silly fetch manifest yauzl@2.9.2 - 2.10.0
996 silly packumentCache full:https://registry.npmjs.org/yauzl cache-miss
997 silly fetch manifest rimraf@2.5.2 - 2.7.1
998 silly packumentCache full:https://registry.npmjs.org/rimraf cache-miss
999 silly fetch manifest ip-address@5.8.9 - 5.9.4
1000 silly packumentCache full:https://registry.npmjs.org/ip-address cache-miss
1001 silly fetch manifest xtend@^4.0.0
1002 silly packumentCache full:https://registry.npmjs.org/xtend cache-miss
1003 silly fetch manifest busboy@^1.0.0
1004 silly packumentCache full:https://registry.npmjs.org/busboy cache-miss
1005 http fetch GET 200 https://registry.npmjs.org/yauzl 212ms (cache miss)
1006 silly packumentCache full:https://registry.npmjs.org/yauzl set size:undefined disposed:false
1007 silly fetch manifest mkdirp@^0.5.4
1008 silly packumentCache full:https://registry.npmjs.org/mkdirp cache-miss
1009 http fetch GET 200 https://registry.npmjs.org/lodash 231ms (cache miss)
1010 silly packumentCache full:https://registry.npmjs.org/lodash set size:undefined disposed:false
1011 silly fetch manifest append-field@^1.0.0
1012 silly packumentCache full:https://registry.npmjs.org/append-field cache-miss
1013 http fetch GET 200 https://registry.npmjs.org/xtend 259ms (cache miss)
1014 silly packumentCache full:https://registry.npmjs.org/xtend set size:undefined disposed:false
1015 silly fetch manifest concat-stream@^1.5.2
1016 silly packumentCache full:https://registry.npmjs.org/concat-stream cache-miss
1017 http fetch GET 200 https://registry.npmjs.org/busboy 379ms (cache miss)
1018 silly packumentCache full:https://registry.npmjs.org/busboy set size:undefined disposed:false
1019 silly fetch manifest png-js@^1.0.0
1020 silly packumentCache full:https://registry.npmjs.org/png-js cache-miss
1021 http fetch GET 200 https://registry.npmjs.org/append-field 187ms (cache miss)
1022 silly packumentCache full:https://registry.npmjs.org/append-field set size:undefined disposed:false
1023 silly fetch manifest fontkit@^1.8.1
1024 silly packumentCache full:https://registry.npmjs.org/fontkit cache-miss
1025 http fetch GET 200 https://registry.npmjs.org/follow-redirects 425ms (cache miss)
1026 silly packumentCache full:https://registry.npmjs.org/follow-redirects set size:undefined disposed:false
1027 silly fetch manifest crypto-js@^4.2.0
1028 silly packumentCache full:https://registry.npmjs.org/crypto-js cache-miss
1029 http fetch GET 200 https://registry.npmjs.org/concat-stream 185ms (cache miss)
1030 silly packumentCache full:https://registry.npmjs.org/concat-stream set size:undefined disposed:false
1031 silly fetch manifest jpeg-exif@^1.1.4
1032 silly packumentCache full:https://registry.npmjs.org/jpeg-exif cache-miss
1033 http fetch GET 200 https://registry.npmjs.org/lazy 454ms (cache miss)
1034 silly packumentCache full:https://registry.npmjs.org/lazy set size:undefined disposed:false
1035 silly fetch manifest linebreak@^1.0.2
1036 silly packumentCache full:https://registry.npmjs.org/linebreak cache-miss
1037 http fetch GET 200 https://registry.npmjs.org/linebreak 182ms (cache miss)
1038 silly packumentCache full:https://registry.npmjs.org/linebreak set size:undefined disposed:false
1039 http fetch GET 200 https://registry.npmjs.org/jpeg-exif 190ms (cache miss)
1040 silly packumentCache full:https://registry.npmjs.org/jpeg-exif set size:undefined disposed:false
1041 http fetch GET 200 https://registry.npmjs.org/crypto-js 227ms (cache miss)
1042 silly packumentCache full:https://registry.npmjs.org/crypto-js set size:undefined disposed:false
1043 http fetch GET 200 https://registry.npmjs.org/chalk 670ms (cache miss)
1044 silly packumentCache full:https://registry.npmjs.org/chalk set size:undefined disposed:false
1045 http fetch GET 200 https://registry.npmjs.org/rimraf 736ms (cache miss)
1046 silly packumentCache full:https://registry.npmjs.org/rimraf set size:undefined disposed:false
1047 http fetch GET 200 https://registry.npmjs.org/png-js 422ms (cache miss)
1048 silly packumentCache full:https://registry.npmjs.org/png-js set size:undefined disposed:false
1049 http fetch GET 200 https://registry.npmjs.org/mkdirp 601ms (cache miss)
1050 silly packumentCache full:https://registry.npmjs.org/mkdirp set size:undefined disposed:false
1051 http fetch GET 200 https://registry.npmjs.org/fontkit 397ms (cache miss)
1052 silly packumentCache full:https://registry.npmjs.org/fontkit set size:undefined disposed:false
1053 http fetch GET 200 https://registry.npmjs.org/proxy-from-env 861ms (cache miss)
1054 silly packumentCache full:https://registry.npmjs.org/proxy-from-env set size:undefined disposed:false
1055 http fetch GET 200 https://registry.npmjs.org/ip-address 1176ms (cache miss)
1056 silly packumentCache full:https://registry.npmjs.org/ip-address set size:undefined disposed:false
1057 http fetch GET 200 https://registry.npmjs.org/form-data 1185ms (cache miss)
1058 silly packumentCache full:https://registry.npmjs.org/form-data set size:undefined disposed:false
1059 http fetch GET 200 https://registry.npmjs.org/async 2241ms (cache miss)
1060 silly packumentCache full:https://registry.npmjs.org/async set size:undefined disposed:false
1061 http fetch GET 200 https://registry.npmjs.org/validator 3318ms (cache miss)
1062 silly packumentCache full:https://registry.npmjs.org/validator set size:undefined disposed:false
1063 silly placeDep ROOT follow-redirects@1.16.0 OK for: axios@1.16.1 want: ^1.16.0
1064 silly placeDep ROOT form-data@4.0.5 OK for: axios@1.16.1 want: ^4.0.5
1065 silly placeDep ROOT proxy-from-env@2.1.0 OK for: axios@1.16.1 want: ^2.1.0
1066 silly fetch manifest asynckit@^0.4.0
1067 silly packumentCache full:https://registry.npmjs.org/asynckit cache-miss
1068 silly fetch manifest combined-stream@^1.0.8
1069 silly packumentCache full:https://registry.npmjs.org/combined-stream cache-miss
1070 silly fetch manifest es-set-tostringtag@^2.1.0
1071 silly packumentCache full:https://registry.npmjs.org/es-set-tostringtag cache-miss
1072 http fetch GET 200 https://registry.npmjs.org/es-set-tostringtag 188ms (cache miss)
1073 silly packumentCache full:https://registry.npmjs.org/es-set-tostringtag set size:undefined disposed:false
1074 http fetch GET 200 https://registry.npmjs.org/combined-stream 197ms (cache miss)
1075 silly packumentCache full:https://registry.npmjs.org/combined-stream set size:undefined disposed:false
1076 http fetch GET 200 https://registry.npmjs.org/asynckit 266ms (cache miss)
1077 silly packumentCache full:https://registry.npmjs.org/asynckit set size:undefined disposed:false
1078 silly placeDep ROOT lodash@4.18.1 OK for: express-validator@7.3.2 want: ^4.18.1
1079 silly placeDep ROOT validator@13.15.35 OK for: express-validator@7.3.2 want: ~13.15.23
1080 silly placeDep ROOT asynckit@0.4.0 OK for: form-data@4.0.5 want: ^0.4.0
1081 silly placeDep ROOT combined-stream@1.0.8 OK for: form-data@4.0.5 want: ^1.0.8
1082 silly placeDep ROOT es-set-tostringtag@2.1.0 OK for: form-data@4.0.5 want: ^2.1.0
1083 silly fetch manifest delayed-stream@~1.0.0
1084 silly packumentCache full:https://registry.npmjs.org/delayed-stream cache-miss
1085 silly fetch manifest has-tostringtag@^1.0.2
1086 silly packumentCache full:https://registry.npmjs.org/has-tostringtag cache-miss
1087 http fetch GET 200 https://registry.npmjs.org/delayed-stream 186ms (cache miss)
1088 silly packumentCache full:https://registry.npmjs.org/delayed-stream set size:undefined disposed:false
1089 http fetch GET 200 https://registry.npmjs.org/has-tostringtag 381ms (cache miss)
1090 silly packumentCache full:https://registry.npmjs.org/has-tostringtag set size:undefined disposed:false
1091 silly placeDep ROOT delayed-stream@1.0.0 OK for: combined-stream@1.0.8 want: ~1.0.0
1092 silly placeDep ROOT has-tostringtag@1.0.2 OK for: es-set-tostringtag@2.1.0 want: ^1.0.2
1093 silly placeDep ROOT async@2.6.4 OK for: geoip-lite@1.4.10 want: 2.1 - 2.6.4
1094 silly placeDep ROOT chalk@4.1.2 OK for: geoip-lite@1.4.10 want: 4.1 - 4.1.2
1095 silly placeDep node_modules/geoip-lite ip-address@5.9.4 OK for: geoip-lite@1.4.10 want: 5.8.9 - 5.9.4
1096 silly placeDep ROOT lazy@1.0.11 OK for: geoip-lite@1.4.10 want: 1.0.11
1097 silly placeDep node_modules/geoip-lite rimraf@2.7.1 OK for: geoip-lite@1.4.10 want: 2.5.2 - 2.7.1
1098 silly placeDep ROOT yauzl@2.10.0 OK for: geoip-lite@1.4.10 want: 2.9.2 - 2.10.0
1099 silly fetch manifest ansi-styles@^4.1.0
1100 silly packumentCache full:https://registry.npmjs.org/ansi-styles cache-miss
1101 silly fetch manifest supports-color@^7.1.0
1102 silly packumentCache full:https://registry.npmjs.org/supports-color cache-miss
1103 silly fetch manifest jsbn@1.1.0
1104 silly packumentCache full:https://registry.npmjs.org/jsbn cache-miss
1105 silly fetch manifest sprintf-js@1.1.2
1106 silly packumentCache full:https://registry.npmjs.org/sprintf-js cache-miss
1107 silly fetch manifest fd-slicer@~1.1.0
1108 silly packumentCache full:https://registry.npmjs.org/fd-slicer cache-miss
1109 silly fetch manifest buffer-crc32@~0.2.3
1110 silly packumentCache full:https://registry.npmjs.org/buffer-crc32 cache-miss
1111 http fetch GET 200 https://registry.npmjs.org/jsbn 209ms (cache miss)
1112 silly packumentCache full:https://registry.npmjs.org/jsbn set size:undefined disposed:false
1113 http fetch GET 200 https://registry.npmjs.org/fd-slicer 373ms (cache miss)
1114 silly packumentCache full:https://registry.npmjs.org/fd-slicer set size:undefined disposed:false
1115 http fetch GET 200 https://registry.npmjs.org/sprintf-js 426ms (cache miss)
1116 silly packumentCache full:https://registry.npmjs.org/sprintf-js set size:undefined disposed:false
1117 http fetch GET 200 https://registry.npmjs.org/ansi-styles 478ms (cache miss)
1118 silly packumentCache full:https://registry.npmjs.org/ansi-styles set size:undefined disposed:false
1119 http fetch GET 200 https://registry.npmjs.org/buffer-crc32 746ms (cache miss)
1120 silly packumentCache full:https://registry.npmjs.org/buffer-crc32 set size:undefined disposed:false
1121 http fetch GET 200 https://registry.npmjs.org/supports-color 1297ms (cache miss)
1122 silly packumentCache full:https://registry.npmjs.org/supports-color set size:undefined disposed:false
1123 silly placeDep ROOT ansi-styles@4.3.0 OK for: chalk@4.1.2 want: ^4.1.0
1124 silly placeDep node_modules/chalk supports-color@7.2.0 OK for: chalk@4.1.2 want: ^7.1.0
1125 silly fetch manifest color-convert@^2.0.1
1126 silly packumentCache full:https://registry.npmjs.org/color-convert cache-miss
1127 silly fetch manifest has-flag@^4.0.0
1128 silly packumentCache full:https://registry.npmjs.org/has-flag cache-miss
1129 http fetch GET 200 https://registry.npmjs.org/has-flag 379ms (cache miss)
1130 silly packumentCache full:https://registry.npmjs.org/has-flag set size:undefined disposed:false
1131 http fetch GET 200 https://registry.npmjs.org/color-convert 713ms (cache miss)
1132 silly packumentCache full:https://registry.npmjs.org/color-convert set size:undefined disposed:false
1133 silly placeDep ROOT color-convert@2.0.1 OK for: ansi-styles@4.3.0 want: ^2.0.1
1134 silly fetch manifest color-name@~1.1.4
1135 silly packumentCache full:https://registry.npmjs.org/color-name cache-miss
1136 http fetch GET 200 https://registry.npmjs.org/color-name 331ms (cache miss)
1137 silly packumentCache full:https://registry.npmjs.org/color-name set size:undefined disposed:false
1138 silly placeDep ROOT color-name@1.1.4 OK for: color-convert@2.0.1 want: ~1.1.4
1139 silly placeDep ROOT append-field@1.0.0 OK for: multer@1.4.5-lts.2 want: ^1.0.0
1140 silly placeDep ROOT busboy@1.6.0 OK for: multer@1.4.5-lts.2 want: ^1.0.0
1141 silly placeDep ROOT concat-stream@1.6.2 OK for: multer@1.4.5-lts.2 want: ^1.5.2
1142 silly placeDep node_modules/multer mkdirp@0.5.6 OK for: multer@1.4.5-lts.2 want: ^0.5.4
1143 silly placeDep ROOT xtend@4.0.2 OK for: multer@1.4.5-lts.2 want: ^4.0.0
1144 silly fetch manifest streamsearch@^1.1.0
1145 silly packumentCache full:https://registry.npmjs.org/streamsearch cache-miss
1146 silly fetch manifest buffer-from@^1.0.0
1147 silly packumentCache full:https://registry.npmjs.org/buffer-from cache-miss
1148 silly fetch manifest readable-stream@^2.2.2
1149 silly packumentCache full:https://registry.npmjs.org/readable-stream cache-miss
1150 silly fetch manifest typedarray@^0.0.6
1151 silly packumentCache full:https://registry.npmjs.org/typedarray cache-miss
1152 http fetch GET 200 https://registry.npmjs.org/streamsearch 189ms (cache miss)
1153 silly packumentCache full:https://registry.npmjs.org/streamsearch set size:undefined disposed:false
1154 http fetch GET 200 https://registry.npmjs.org/buffer-from 382ms (cache miss)
1155 silly packumentCache full:https://registry.npmjs.org/buffer-from set size:undefined disposed:false
1156 http fetch GET 200 https://registry.npmjs.org/typedarray 409ms (cache miss)
1157 silly packumentCache full:https://registry.npmjs.org/typedarray set size:undefined disposed:false
1158 http fetch GET 200 https://registry.npmjs.org/readable-stream 450ms (cache miss)
1159 silly packumentCache full:https://registry.npmjs.org/readable-stream set size:undefined disposed:false
1160 silly placeDep ROOT streamsearch@1.1.0 OK for: busboy@1.6.0 want: ^1.1.0
1161 silly placeDep ROOT buffer-from@1.1.2 OK for: concat-stream@1.6.2 want: ^1.0.0
1162 silly placeDep node_modules/concat-stream readable-stream@2.3.8 OK for: concat-stream@1.6.2 want: ^2.2.2
1163 silly placeDep ROOT typedarray@0.0.6 OK for: concat-stream@1.6.2 want: ^0.0.6
1164 silly fetch manifest isarray@~1.0.0
1165 silly packumentCache full:https://registry.npmjs.org/isarray cache-miss
1166 silly fetch manifest safe-buffer@~5.1.1
1167 silly packumentCache full:https://registry.npmjs.org/safe-buffer cache-miss
1168 silly fetch manifest core-util-is@~1.0.0
1169 silly packumentCache full:https://registry.npmjs.org/core-util-is cache-miss
1170 silly fetch manifest string_decoder@~1.1.1
1171 silly packumentCache full:https://registry.npmjs.org/string_decoder cache-miss
1172 silly fetch manifest process-nextick-args@~2.0.0
1173 silly packumentCache full:https://registry.npmjs.org/process-nextick-args cache-miss
1174 http fetch GET 200 https://registry.npmjs.org/process-nextick-args 187ms (cache miss)
1175 silly packumentCache full:https://registry.npmjs.org/process-nextick-args set size:undefined disposed:false
1176 http fetch GET 200 https://registry.npmjs.org/core-util-is 203ms (cache miss)
1177 silly packumentCache full:https://registry.npmjs.org/core-util-is set size:undefined disposed:false
1178 http fetch GET 200 https://registry.npmjs.org/safe-buffer 330ms (cache miss)
1179 silly packumentCache full:https://registry.npmjs.org/safe-buffer set size:undefined disposed:false
1180 http fetch GET 200 https://registry.npmjs.org/isarray 887ms (cache miss)
1181 silly packumentCache full:https://registry.npmjs.org/isarray set size:undefined disposed:false
1182 http fetch GET 200 https://registry.npmjs.org/string_decoder 3117ms (cache miss)
1183 silly packumentCache full:https://registry.npmjs.org/string_decoder set size:undefined disposed:false
1184 silly placeDep ROOT crypto-js@4.2.0 OK for: pdfkit@0.15.2 want: ^4.2.0
1185 silly placeDep ROOT fontkit@1.9.0 OK for: pdfkit@0.15.2 want: ^1.8.1
1186 silly placeDep ROOT jpeg-exif@1.1.4 OK for: pdfkit@0.15.2 want: ^1.1.4
1187 silly placeDep ROOT linebreak@1.1.0 OK for: pdfkit@0.15.2 want: ^1.0.2
1188 silly placeDep ROOT png-js@1.1.0 OK for: pdfkit@0.15.2 want: ^1.0.0
1189 silly fetch manifest dfa@^1.2.0
1190 silly packumentCache full:https://registry.npmjs.org/dfa cache-miss
1191 silly fetch manifest clone@^2.1.2
1192 silly packumentCache full:https://registry.npmjs.org/clone cache-miss
1193 silly fetch manifest brotli@^1.3.2
1194 silly packumentCache full:https://registry.npmjs.org/brotli cache-miss
1195 silly fetch manifest deep-equal@^2.0.5
1196 silly packumentCache full:https://registry.npmjs.org/deep-equal cache-miss
1197 silly fetch manifest restructure@^2.0.1
1198 silly packumentCache full:https://registry.npmjs.org/restructure cache-miss
1199 silly fetch manifest @swc/helpers@^0.3.13
1200 silly packumentCache full:https://registry.npmjs.org/@swc%2fhelpers cache-miss
1201 silly fetch manifest tiny-inflate@^1.0.3
1202 silly packumentCache full:https://registry.npmjs.org/tiny-inflate cache-miss
1203 silly fetch manifest unicode-trie@^2.0.0
1204 silly packumentCache full:https://registry.npmjs.org/unicode-trie cache-miss
1205 silly fetch manifest unicode-properties@^1.3.1
1206 silly packumentCache full:https://registry.npmjs.org/unicode-properties cache-miss
1207 silly fetch manifest base64-js@0.0.8
1208 silly packumentCache full:https://registry.npmjs.org/base64-js cache-miss
1209 silly fetch manifest unicode-trie@^2.0.0
1210 silly packumentCache full:https://registry.npmjs.org/unicode-trie cache-miss
1211 silly fetch manifest browserify-zlib@^0.2.0
1212 silly packumentCache full:https://registry.npmjs.org/browserify-zlib cache-miss
1213 http fetch GET 200 https://registry.npmjs.org/tiny-inflate 181ms (cache miss)
1214 silly packumentCache full:https://registry.npmjs.org/tiny-inflate set size:undefined disposed:false
1215 http fetch GET 200 https://registry.npmjs.org/unicode-trie 190ms (cache miss)
1216 silly packumentCache full:https://registry.npmjs.org/unicode-trie set size:undefined disposed:false
1217 http fetch GET 200 https://registry.npmjs.org/browserify-zlib 205ms (cache miss)
1218 silly packumentCache full:https://registry.npmjs.org/browserify-zlib set size:undefined disposed:false
1219 http fetch GET 200 https://registry.npmjs.org/unicode-properties 212ms (cache miss)
1220 silly packumentCache full:https://registry.npmjs.org/unicode-properties set size:undefined disposed:false
1221 http fetch GET 200 https://registry.npmjs.org/unicode-trie 280ms (cache miss)
1222 silly packumentCache full:https://registry.npmjs.org/unicode-trie set size:undefined disposed:false
1223 http fetch GET 200 https://registry.npmjs.org/base64-js 295ms (cache miss)
1224 silly packumentCache full:https://registry.npmjs.org/base64-js set size:undefined disposed:false
1225 http fetch GET 200 https://registry.npmjs.org/dfa 437ms (cache miss)
1226 silly packumentCache full:https://registry.npmjs.org/dfa set size:undefined disposed:false
1227 http fetch GET 200 https://registry.npmjs.org/deep-equal 566ms (cache miss)
1228 silly packumentCache full:https://registry.npmjs.org/deep-equal set size:undefined disposed:false
1229 http fetch GET 200 https://registry.npmjs.org/clone 658ms (cache miss)
1230 silly packumentCache full:https://registry.npmjs.org/clone set size:undefined disposed:false
1231 http fetch GET 200 https://registry.npmjs.org/restructure 671ms (cache miss)
1232 silly packumentCache full:https://registry.npmjs.org/restructure set size:undefined disposed:false
1233 http fetch GET 200 https://registry.npmjs.org/@swc%2fhelpers 673ms (cache miss)
1234 silly packumentCache full:https://registry.npmjs.org/@swc%2fhelpers set size:undefined disposed:false
1235 http fetch GET 200 https://registry.npmjs.org/brotli 830ms (cache miss)
1236 silly packumentCache full:https://registry.npmjs.org/brotli set size:undefined disposed:false
1237 silly placeDep ROOT @swc/helpers@0.3.17 OK for: fontkit@1.9.0 want: ^0.3.13
1238 silly placeDep ROOT brotli@1.3.3 OK for: fontkit@1.9.0 want: ^1.3.2
1239 silly placeDep ROOT clone@2.1.2 OK for: fontkit@1.9.0 want: ^2.1.2
1240 silly placeDep ROOT deep-equal@2.2.3 OK for: fontkit@1.9.0 want: ^2.0.5
1241 silly placeDep ROOT dfa@1.2.0 OK for: fontkit@1.9.0 want: ^1.2.0
1242 silly placeDep ROOT restructure@2.0.1 OK for: fontkit@1.9.0 want: ^2.0.1
1243 silly placeDep ROOT tiny-inflate@1.0.3 OK for: fontkit@1.9.0 want: ^1.0.3
1244 silly placeDep ROOT unicode-properties@1.4.1 OK for: fontkit@1.9.0 want: ^1.3.1
1245 silly placeDep ROOT unicode-trie@2.0.0 OK for: fontkit@1.9.0 want: ^2.0.0
1246 silly fetch manifest tslib@^2.4.0
1247 silly packumentCache full:https://registry.npmjs.org/tslib cache-miss
1248 silly fetch manifest array-buffer-byte-length@^1.0.0
1249 silly packumentCache full:https://registry.npmjs.org/array-buffer-byte-length cache-miss
1250 silly fetch manifest call-bind@^1.0.5
1251 silly packumentCache full:https://registry.npmjs.org/call-bind cache-miss
1252 silly fetch manifest es-get-iterator@^1.1.3
1253 silly packumentCache full:https://registry.npmjs.org/es-get-iterator cache-miss
1254 silly fetch manifest is-arguments@^1.1.1
1255 silly packumentCache full:https://registry.npmjs.org/is-arguments cache-miss
1256 silly fetch manifest is-array-buffer@^3.0.2
1257 silly packumentCache full:https://registry.npmjs.org/is-array-buffer cache-miss
1258 silly fetch manifest is-date-object@^1.0.5
1259 silly packumentCache full:https://registry.npmjs.org/is-date-object cache-miss
1260 silly fetch manifest is-regex@^1.1.4
1261 silly packumentCache full:https://registry.npmjs.org/is-regex cache-miss
1262 silly fetch manifest is-shared-array-buffer@^1.0.2
1263 silly packumentCache full:https://registry.npmjs.org/is-shared-array-buffer cache-miss
1264 silly fetch manifest isarray@^2.0.5
1265 silly packumentCache full:https://registry.npmjs.org/isarray cache-miss
1266 silly fetch manifest object-is@^1.1.5
1267 silly packumentCache full:https://registry.npmjs.org/object-is cache-miss
1268 silly fetch manifest object-keys@^1.1.1
1269 silly packumentCache full:https://registry.npmjs.org/object-keys cache-miss
1270 silly fetch manifest object.assign@^4.1.4
1271 silly packumentCache full:https://registry.npmjs.org/object.assign cache-miss
1272 http cache https://registry.npmjs.org/isarray 12ms (cache hit)
1273 silly packumentCache full:https://registry.npmjs.org/isarray set size:17392 disposed:false
1274 silly fetch manifest regexp.prototype.flags@^1.5.1
1275 silly packumentCache full:https://registry.npmjs.org/regexp.prototype.flags cache-miss
1276 http fetch GET 200 https://registry.npmjs.org/call-bind 181ms (cache miss)
1277 silly packumentCache full:https://registry.npmjs.org/call-bind set size:undefined disposed:false
1278 silly fetch manifest which-boxed-primitive@^1.0.2
1279 silly packumentCache full:https://registry.npmjs.org/which-boxed-primitive cache-miss
1280 http fetch GET 200 https://registry.npmjs.org/is-array-buffer 208ms (cache miss)
1281 silly packumentCache full:https://registry.npmjs.org/is-array-buffer set size:undefined disposed:false
1282 silly fetch manifest which-collection@^1.0.1
1283 silly packumentCache full:https://registry.npmjs.org/which-collection cache-miss
1284 http fetch GET 200 https://registry.npmjs.org/array-buffer-byte-length 211ms (cache miss)
1285 silly packumentCache full:https://registry.npmjs.org/array-buffer-byte-length set size:undefined disposed:false
1286 silly fetch manifest which-typed-array@^1.1.13
1287 silly packumentCache full:https://registry.npmjs.org/which-typed-array cache-miss
1288 http fetch GET 200 https://registry.npmjs.org/is-arguments 231ms (cache miss)
1289 silly packumentCache full:https://registry.npmjs.org/is-arguments set size:undefined disposed:false
1290 silly fetch manifest pako@^0.2.5
1291 silly packumentCache full:https://registry.npmjs.org/pako cache-miss
1292 http fetch GET 200 https://registry.npmjs.org/is-regex 303ms (cache miss)
1293 silly packumentCache full:https://registry.npmjs.org/is-regex set size:undefined disposed:false
1294 http fetch GET 200 https://registry.npmjs.org/es-get-iterator 391ms (cache miss)
1295 silly packumentCache full:https://registry.npmjs.org/es-get-iterator set size:undefined disposed:false
1296 http fetch GET 200 https://registry.npmjs.org/object.assign 392ms (cache miss)
1297 silly packumentCache full:https://registry.npmjs.org/object.assign set size:undefined disposed:false
1298 http fetch GET 200 https://registry.npmjs.org/which-collection 196ms (cache miss)
1299 silly packumentCache full:https://registry.npmjs.org/which-collection set size:undefined disposed:false
1300 http fetch GET 200 https://registry.npmjs.org/is-date-object 453ms (cache miss)
1301 silly packumentCache full:https://registry.npmjs.org/is-date-object set size:undefined disposed:false
1302 http fetch GET 200 https://registry.npmjs.org/pako 252ms (cache miss)
1303 silly packumentCache full:https://registry.npmjs.org/pako set size:undefined disposed:false
1304 http fetch GET 200 https://registry.npmjs.org/tslib 520ms (cache miss)
1305 silly packumentCache full:https://registry.npmjs.org/tslib set size:undefined disposed:false
1306 http fetch GET 200 https://registry.npmjs.org/which-boxed-primitive 350ms (cache miss)
1307 silly packumentCache full:https://registry.npmjs.org/which-boxed-primitive set size:undefined disposed:false
1308 http fetch GET 200 https://registry.npmjs.org/is-shared-array-buffer 539ms (cache miss)
1309 silly packumentCache full:https://registry.npmjs.org/is-shared-array-buffer set size:undefined disposed:false
1310 http fetch GET 200 https://registry.npmjs.org/regexp.prototype.flags 528ms (cache miss)
1311 silly packumentCache full:https://registry.npmjs.org/regexp.prototype.flags set size:undefined disposed:false
1312 http fetch GET 200 https://registry.npmjs.org/which-typed-array 393ms (cache miss)
1313 silly packumentCache full:https://registry.npmjs.org/which-typed-array set size:undefined disposed:false
1314 http fetch GET 200 https://registry.npmjs.org/object-is 613ms (cache miss)
1315 silly packumentCache full:https://registry.npmjs.org/object-is set size:undefined disposed:false
1316 http fetch GET 200 https://registry.npmjs.org/object-keys 694ms (cache miss)
1317 silly packumentCache full:https://registry.npmjs.org/object-keys set size:undefined disposed:false
1318 silly placeDep ROOT tslib@2.8.1 OK for: @swc/helpers@0.3.17 want: ^2.4.0
1319 silly placeDep ROOT array-buffer-byte-length@1.0.2 OK for: deep-equal@2.2.3 want: ^1.0.0
1320 silly placeDep ROOT call-bind@1.0.9 OK for: deep-equal@2.2.3 want: ^1.0.5
1321 silly placeDep ROOT es-get-iterator@1.1.3 OK for: deep-equal@2.2.3 want: ^1.1.3
1322 silly placeDep ROOT is-arguments@1.2.0 OK for: deep-equal@2.2.3 want: ^1.1.1
1323 silly placeDep ROOT is-array-buffer@3.0.5 OK for: deep-equal@2.2.3 want: ^3.0.2
1324 silly placeDep ROOT is-date-object@1.1.0 OK for: deep-equal@2.2.3 want: ^1.0.5
1325 silly placeDep ROOT is-regex@1.2.1 OK for: deep-equal@2.2.3 want: ^1.1.4
1326 silly placeDep ROOT is-shared-array-buffer@1.0.4 OK for: deep-equal@2.2.3 want: ^1.0.2
1327 silly placeDep ROOT isarray@2.0.5 OK for: deep-equal@2.2.3 want: ^2.0.5
1328 silly placeDep ROOT object-is@1.1.6 OK for: deep-equal@2.2.3 want: ^1.1.5
1329 silly placeDep ROOT object-keys@1.1.1 OK for: deep-equal@2.2.3 want: ^1.1.1
1330 silly placeDep ROOT object.assign@4.1.7 OK for: deep-equal@2.2.3 want: ^4.1.4
1331 silly placeDep ROOT regexp.prototype.flags@1.5.4 OK for: deep-equal@2.2.3 want: ^1.5.1
1332 silly placeDep ROOT which-boxed-primitive@1.1.1 OK for: deep-equal@2.2.3 want: ^1.0.2
1333 silly placeDep ROOT which-collection@1.0.2 OK for: deep-equal@2.2.3 want: ^1.0.1
1334 silly placeDep ROOT which-typed-array@1.1.21 OK for: deep-equal@2.2.3 want: ^1.1.13
1335 silly fetch manifest is-array-buffer@^3.0.5
1336 silly packumentCache full:https://registry.npmjs.org/is-array-buffer cache-miss
1337 silly fetch manifest set-function-length@^1.2.2
1338 silly packumentCache full:https://registry.npmjs.org/set-function-length cache-miss
1339 silly fetch manifest is-map@^2.0.2
1340 silly packumentCache full:https://registry.npmjs.org/is-map cache-miss
1341 silly fetch manifest is-set@^2.0.2
1342 silly packumentCache full:https://registry.npmjs.org/is-set cache-miss
1343 silly fetch manifest is-string@^1.0.7
1344 silly packumentCache full:https://registry.npmjs.org/is-string cache-miss
1345 silly fetch manifest stop-iteration-iterator@^1.0.0
1346 silly packumentCache full:https://registry.npmjs.org/stop-iteration-iterator cache-miss
1347 silly fetch manifest define-properties@^1.2.1
1348 silly packumentCache full:https://registry.npmjs.org/define-properties cache-miss
1349 silly fetch manifest define-properties@^1.2.1
1350 silly packumentCache full:https://registry.npmjs.org/define-properties cache-miss
1351 silly fetch manifest define-properties@^1.2.1
1352 silly packumentCache full:https://registry.npmjs.org/define-properties cache-miss
1353 silly fetch manifest set-function-name@^2.0.2
1354 silly packumentCache full:https://registry.npmjs.org/set-function-name cache-miss
1355 silly fetch manifest is-bigint@^1.1.0
1356 silly packumentCache full:https://registry.npmjs.org/is-bigint cache-miss
1357 silly fetch manifest is-boolean-object@^1.2.1
1358 silly packumentCache full:https://registry.npmjs.org/is-boolean-object cache-miss
1359 silly fetch manifest is-number-object@^1.1.1
1360 silly packumentCache full:https://registry.npmjs.org/is-number-object cache-miss
1361 http cache https://registry.npmjs.org/is-array-buffer 9ms (cache hit)
1362 silly packumentCache full:https://registry.npmjs.org/is-array-buffer set size:33562 disposed:false
1363 silly fetch manifest is-string@^1.1.1
1364 silly packumentCache full:https://registry.npmjs.org/is-string cache-miss
1365 http fetch GET 200 https://registry.npmjs.org/is-set 178ms (cache miss)
1366 silly packumentCache full:https://registry.npmjs.org/is-set set size:undefined disposed:false
1367 silly fetch manifest is-symbol@^1.1.1
1368 silly packumentCache full:https://registry.npmjs.org/is-symbol cache-miss
1369 http fetch GET 200 https://registry.npmjs.org/stop-iteration-iterator 196ms (cache miss)
1370 silly packumentCache full:https://registry.npmjs.org/stop-iteration-iterator set size:undefined disposed:false
1371 silly fetch manifest is-map@^2.0.3
1372 silly packumentCache full:https://registry.npmjs.org/is-map cache-miss
1373 http fetch GET 200 https://registry.npmjs.org/define-properties 205ms (cache miss)
1374 silly packumentCache full:https://registry.npmjs.org/define-properties set size:undefined disposed:false
1375 silly fetch manifest is-set@^2.0.3
1376 silly packumentCache full:https://registry.npmjs.org/is-set cache-miss
1377 http fetch GET 200 https://registry.npmjs.org/set-function-length 206ms (cache miss)
1378 silly packumentCache full:https://registry.npmjs.org/set-function-length set size:undefined disposed:false
1379 silly fetch manifest is-weakmap@^2.0.2
1380 silly packumentCache full:https://registry.npmjs.org/is-weakmap cache-miss
1381 http cache https://registry.npmjs.org/is-set 7ms (cache hit)
1382 silly packumentCache full:https://registry.npmjs.org/is-set set size:16614 disposed:false
1383 silly fetch manifest is-weakset@^2.0.3
1384 silly packumentCache full:https://registry.npmjs.org/is-weakset cache-miss
1385 http fetch GET 200 https://registry.npmjs.org/is-map 233ms (cache miss)
1386 silly packumentCache full:https://registry.npmjs.org/is-map set size:undefined disposed:false
1387 silly fetch manifest available-typed-arrays@^1.0.7
1388 silly packumentCache full:https://registry.npmjs.org/available-typed-arrays cache-miss
1389 http fetch GET 200 https://registry.npmjs.org/define-properties 306ms (cache miss)
1390 silly packumentCache full:https://registry.npmjs.org/define-properties set size:undefined disposed:false
1391 silly fetch manifest for-each@^0.3.5
1392 silly packumentCache full:https://registry.npmjs.org/for-each cache-miss
1393 http fetch GET 200 https://registry.npmjs.org/is-map 173ms (cache miss)
1394 silly packumentCache full:https://registry.npmjs.org/is-map set size:undefined disposed:false
1395 http fetch GET 200 https://registry.npmjs.org/is-boolean-object 370ms (cache miss)
1396 silly packumentCache full:https://registry.npmjs.org/is-boolean-object set size:undefined disposed:false
1397 http fetch GET 200 https://registry.npmjs.org/is-string 406ms (cache miss)
1398 silly packumentCache full:https://registry.npmjs.org/is-string set size:undefined disposed:false
1399 http fetch GET 200 https://registry.npmjs.org/is-weakmap 201ms (cache miss)
1400 silly packumentCache full:https://registry.npmjs.org/is-weakmap set size:undefined disposed:false
1401 http fetch GET 200 https://registry.npmjs.org/is-weakset 226ms (cache miss)
1402 silly packumentCache full:https://registry.npmjs.org/is-weakset set size:undefined disposed:false
1403 http fetch GET 200 https://registry.npmjs.org/available-typed-arrays 210ms (cache miss)
1404 silly packumentCache full:https://registry.npmjs.org/available-typed-arrays set size:undefined disposed:false
1405 http fetch GET 200 https://registry.npmjs.org/is-string 478ms (cache miss)
1406 silly packumentCache full:https://registry.npmjs.org/is-string set size:undefined disposed:false
1407 http fetch GET 200 https://registry.npmjs.org/for-each 218ms (cache miss)
1408 silly packumentCache full:https://registry.npmjs.org/for-each set size:undefined disposed:false
1409 http fetch GET 200 https://registry.npmjs.org/is-number-object 589ms (cache miss)
1410 silly packumentCache full:https://registry.npmjs.org/is-number-object set size:undefined disposed:false
1411 http fetch GET 200 https://registry.npmjs.org/is-symbol 413ms (cache miss)
1412 silly packumentCache full:https://registry.npmjs.org/is-symbol set size:undefined disposed:false
1413 http fetch GET 200 https://registry.npmjs.org/is-bigint 779ms (cache miss)
1414 silly packumentCache full:https://registry.npmjs.org/is-bigint set size:undefined disposed:false
1415 http fetch GET 200 https://registry.npmjs.org/define-properties 802ms (cache miss)
1416 silly packumentCache full:https://registry.npmjs.org/define-properties set size:undefined disposed:false
1417 http fetch GET 200 https://registry.npmjs.org/set-function-name 807ms (cache miss)
1418 silly packumentCache full:https://registry.npmjs.org/set-function-name set size:undefined disposed:false
1419 silly placeDep ROOT set-function-length@1.2.2 OK for: call-bind@1.0.9 want: ^1.2.2
1420 silly fetch manifest define-data-property@^1.1.4
1421 silly packumentCache full:https://registry.npmjs.org/define-data-property cache-miss
1422 silly fetch manifest has-property-descriptors@^1.0.2
1423 silly packumentCache full:https://registry.npmjs.org/has-property-descriptors cache-miss
1424 http fetch GET 200 https://registry.npmjs.org/has-property-descriptors 254ms (cache miss)
1425 silly packumentCache full:https://registry.npmjs.org/has-property-descriptors set size:undefined disposed:false
1426 http fetch GET 200 https://registry.npmjs.org/define-data-property 288ms (cache miss)
1427 silly packumentCache full:https://registry.npmjs.org/define-data-property set size:undefined disposed:false
1428 silly placeDep ROOT is-map@2.0.3 OK for: es-get-iterator@1.1.3 want: ^2.0.2
1429 silly placeDep ROOT is-set@2.0.3 OK for: es-get-iterator@1.1.3 want: ^2.0.2
1430 silly placeDep ROOT is-string@1.1.1 OK for: es-get-iterator@1.1.3 want: ^1.0.7
1431 silly placeDep ROOT stop-iteration-iterator@1.1.0 OK for: es-get-iterator@1.1.3 want: ^1.0.0
1432 silly fetch manifest internal-slot@^1.1.0
1433 silly packumentCache full:https://registry.npmjs.org/internal-slot cache-miss
1434 http fetch GET 200 https://registry.npmjs.org/internal-slot 185ms (cache miss)
1435 silly packumentCache full:https://registry.npmjs.org/internal-slot set size:undefined disposed:false
1436 silly placeDep node_modules/linebreak base64-js@0.0.8 OK for: linebreak@1.1.0 want: 0.0.8
1437 silly placeDep ROOT define-properties@1.2.1 OK for: object-is@1.1.6 want: ^1.2.1
1438 silly fetch manifest define-data-property@^1.0.1
1439 silly packumentCache full:https://registry.npmjs.org/define-data-property cache-miss
1440 silly fetch manifest has-property-descriptors@^1.0.0
1441 silly packumentCache full:https://registry.npmjs.org/has-property-descriptors cache-miss
1442 http cache https://registry.npmjs.org/define-data-property 14ms (cache hit)
1443 silly packumentCache full:https://registry.npmjs.org/define-data-property set size:28048 disposed:false
1444 http cache https://registry.npmjs.org/has-property-descriptors 15ms (cache hit)
1445 silly packumentCache full:https://registry.npmjs.org/has-property-descriptors set size:12452 disposed:false
1446 silly placeDep ROOT define-data-property@1.1.4 OK for: define-properties@1.2.1 want: ^1.0.1
1447 silly placeDep ROOT has-property-descriptors@1.0.2 OK for: define-properties@1.2.1 want: ^1.0.0
1448 silly placeDep ROOT browserify-zlib@0.2.0 OK for: png-js@1.1.0 want: ^0.2.0
1449 silly fetch manifest pako@~1.0.5
1450 silly packumentCache full:https://registry.npmjs.org/pako cache-miss
1451 http cache https://registry.npmjs.org/pako 6ms (cache hit)
1452 silly packumentCache full:https://registry.npmjs.org/pako set size:74234 disposed:false
1453 silly placeDep ROOT pako@1.0.11 OK for: browserify-zlib@0.2.0 want: ~1.0.5
1454 silly placeDep ROOT set-function-name@2.0.2 OK for: regexp.prototype.flags@1.5.4 want: ^2.0.2
1455 silly fetch manifest functions-have-names@^1.2.3
1456 silly packumentCache full:https://registry.npmjs.org/functions-have-names cache-miss
1457 http fetch GET 200 https://registry.npmjs.org/functions-have-names 459ms (cache miss)
1458 silly packumentCache full:https://registry.npmjs.org/functions-have-names set size:undefined disposed:false
1459 silly placeDep ROOT functions-have-names@1.2.3 OK for: set-function-name@2.0.2 want: ^1.2.3
1460 silly placeDep ROOT internal-slot@1.1.0 OK for: stop-iteration-iterator@1.1.0 want: ^1.1.0
1461 silly placeDep node_modules/unicode-trie pako@0.2.9 OK for: unicode-trie@2.0.0 want: ^0.2.5
1462 silly placeDep ROOT is-bigint@1.1.0 OK for: which-boxed-primitive@1.1.1 want: ^1.1.0
1463 silly placeDep ROOT is-boolean-object@1.2.2 OK for: which-boxed-primitive@1.1.1 want: ^1.2.1
1464 silly placeDep ROOT is-number-object@1.1.1 OK for: which-boxed-primitive@1.1.1 want: ^1.1.1
1465 silly placeDep ROOT is-symbol@1.1.1 OK for: which-boxed-primitive@1.1.1 want: ^1.1.1
1466 silly fetch manifest has-bigints@^1.0.2
1467 silly packumentCache full:https://registry.npmjs.org/has-bigints cache-miss
1468 silly fetch manifest safe-regex-test@^1.1.0
1469 silly packumentCache full:https://registry.npmjs.org/safe-regex-test cache-miss
1470 http fetch GET 200 https://registry.npmjs.org/safe-regex-test 218ms (cache miss)
1471 silly packumentCache full:https://registry.npmjs.org/safe-regex-test set size:undefined disposed:false
1472 http fetch GET 200 https://registry.npmjs.org/has-bigints 718ms (cache miss)
1473 silly packumentCache full:https://registry.npmjs.org/has-bigints set size:undefined disposed:false
1474 silly placeDep ROOT has-bigints@1.1.0 OK for: is-bigint@1.1.0 want: ^1.0.2
1475 silly placeDep ROOT safe-regex-test@1.1.0 OK for: is-symbol@1.1.1 want: ^1.1.0
1476 silly placeDep ROOT is-weakmap@2.0.2 OK for: which-collection@1.0.2 want: ^2.0.2
1477 silly placeDep ROOT is-weakset@2.0.4 OK for: which-collection@1.0.2 want: ^2.0.3
1478 silly placeDep ROOT available-typed-arrays@1.0.7 OK for: which-typed-array@1.1.21 want: ^1.0.7
1479 silly placeDep ROOT for-each@0.3.5 OK for: which-typed-array@1.1.21 want: ^0.3.5
1480 silly fetch manifest possible-typed-array-names@^1.0.0
1481 silly packumentCache full:https://registry.npmjs.org/possible-typed-array-names cache-miss
1482 silly fetch manifest is-callable@^1.2.7
1483 silly packumentCache full:https://registry.npmjs.org/is-callable cache-miss
1484 http fetch GET 200 https://registry.npmjs.org/possible-typed-array-names 191ms (cache miss)
1485 silly packumentCache full:https://registry.npmjs.org/possible-typed-array-names set size:undefined disposed:false
1486 http fetch GET 200 https://registry.npmjs.org/is-callable 691ms (cache miss)
1487 silly packumentCache full:https://registry.npmjs.org/is-callable set size:undefined disposed:false
1488 silly placeDep ROOT possible-typed-array-names@1.1.0 OK for: available-typed-arrays@1.0.7 want: ^1.0.0
1489 silly placeDep ROOT is-callable@1.2.7 OK for: for-each@0.3.5 want: ^1.2.7
1490 silly placeDep ROOT buffer-crc32@0.2.13 OK for: yauzl@2.10.0 want: ~0.2.3
1491 silly placeDep ROOT fd-slicer@1.1.0 OK for: yauzl@2.10.0 want: ~1.1.0
1492 silly fetch manifest pend@~1.2.0
1493 silly packumentCache full:https://registry.npmjs.org/pend cache-miss
1494 http fetch GET 200 https://registry.npmjs.org/pend 209ms (cache miss)
1495 silly packumentCache full:https://registry.npmjs.org/pend set size:undefined disposed:false
1496 silly placeDep ROOT pend@1.2.0 OK for: fd-slicer@1.1.0 want: ~1.2.0
1497 silly placeDep node_modules/chalk has-flag@4.0.0 OK for: supports-color@7.2.0 want: ^4.0.0
1498 silly placeDep ROOT core-util-is@1.0.3 OK for: readable-stream@2.3.8 want: ~1.0.0
1499 silly placeDep node_modules/concat-stream isarray@1.0.0 OK for: readable-stream@2.3.8 want: ~1.0.0
1500 silly placeDep ROOT process-nextick-args@2.0.1 OK for: readable-stream@2.3.8 want: ~2.0.0
1501 silly placeDep node_modules/concat-stream safe-buffer@5.1.2 OK for: readable-stream@2.3.8 want: ~5.1.1
1502 silly placeDep node_modules/concat-stream string_decoder@1.1.1 OK for: readable-stream@2.3.8 want: ~1.1.1
1503 silly placeDep ROOT jsbn@1.1.0 OK for: ip-address@5.9.4 want: 1.1.0
1504 silly placeDep ROOT sprintf-js@1.1.2 OK for: ip-address@5.9.4 want: 1.1.2
1505 silly reify mark retired [ 'D:\\桌面\\software\\petcare\\backend\\node_modules\\geoip-lite' ]
1506 silly reify mark retired [ 'D:\\桌面\\software\\petcare\\backend\\node_modules\\append-field' ]
1507 silly reify mark retired [ 'D:\\桌面\\software\\petcare\\backend\\node_modules\\ansi-styles' ]
1508 silly reify mark retired [
1508 silly reify   'D:\\桌面\\software\\petcare\\backend\\node_modules\\array-buffer-byte-length'
1508 silly reify ]
1509 silly reify mark retired [ 'D:\\桌面\\software\\petcare\\backend\\node_modules\\async' ]
1510 silly reify mark retired [ 'D:\\桌面\\software\\petcare\\backend\\node_modules\\asynckit' ]
1511 silly reify mark retired [
1511 silly reify   'D:\\桌面\\software\\petcare\\backend\\node_modules\\available-typed-arrays'
1511 silly reify ]
1512 silly reify mark retired [ 'D:\\桌面\\software\\petcare\\backend\\node_modules\\axios' ]
1513 silly reify mark retired [ 'D:\\桌面\\software\\petcare\\backend\\node_modules\\basic-auth' ]
1514 silly reify mark retired [ 'D:\\桌面\\software\\petcare\\backend\\node_modules\\browserify-zlib' ]
1515 silly reify mark retired [ 'D:\\桌面\\software\\petcare\\backend\\node_modules\\brotli' ]
1516 silly reify mark retired [ 'D:\\桌面\\software\\petcare\\backend\\node_modules\\buffer-from' ]
1517 silly reify mark retired [ 'D:\\桌面\\software\\petcare\\backend\\node_modules\\buffer-crc32' ]
1518 silly reify mark retired [ 'D:\\桌面\\software\\petcare\\backend\\node_modules\\busboy' ]
1519 silly reify mark retired [ 'D:\\桌面\\software\\petcare\\backend\\node_modules\\call-bind' ]
1520 silly reify mark retired [ 'D:\\桌面\\software\\petcare\\backend\\node_modules\\chalk' ]
1521 silly reify mark retired [ 'D:\\桌面\\software\\petcare\\backend\\node_modules\\clone' ]
1522 silly reify mark retired [ 'D:\\桌面\\software\\petcare\\backend\\node_modules\\color-convert' ]
1523 silly reify mark retired [ 'D:\\桌面\\software\\petcare\\backend\\node_modules\\color-name' ]
1524 silly reify mark retired [ 'D:\\桌面\\software\\petcare\\backend\\node_modules\\combined-stream' ]
1525 silly reify mark retired [ 'D:\\桌面\\software\\petcare\\backend\\node_modules\\concat-stream' ]
1526 silly reify mark retired [ 'D:\\桌面\\software\\petcare\\backend\\node_modules\\core-util-is' ]
1527 silly reify mark retired [ 'D:\\桌面\\software\\petcare\\backend\\node_modules\\crypto-js' ]
1528 silly reify mark retired [ 'D:\\桌面\\software\\petcare\\backend\\node_modules\\deep-equal' ]
1529 silly reify mark retired [
1529 silly reify   'D:\\桌面\\software\\petcare\\backend\\node_modules\\define-data-property'
1529 silly reify ]
1530 silly reify mark retired [
1530 silly reify   'D:\\桌面\\software\\petcare\\backend\\node_modules\\define-properties'
1530 silly reify ]
1531 silly reify mark retired [ 'D:\\桌面\\software\\petcare\\backend\\node_modules\\delayed-stream' ]
1532 silly reify mark retired [ 'D:\\桌面\\software\\petcare\\backend\\node_modules\\dfa' ]
1533 silly reify mark retired [ 'D:\\桌面\\software\\petcare\\backend\\node_modules\\dotenv' ]
1534 silly reify mark retired [ 'D:\\桌面\\software\\petcare\\backend\\node_modules\\es-get-iterator' ]
1535 silly reify mark retired [
1535 silly reify   'D:\\桌面\\software\\petcare\\backend\\node_modules\\es-set-tostringtag'
1535 silly reify ]
1536 silly reify mark retired [
1536 silly reify   'D:\\桌面\\software\\petcare\\backend\\node_modules\\express-validator'
1536 silly reify ]
1537 silly reify mark retired [ 'D:\\桌面\\software\\petcare\\backend\\node_modules\\fd-slicer' ]
1538 silly reify mark retired [ 'D:\\桌面\\software\\petcare\\backend\\node_modules\\fontkit' ]
1539 silly reify mark retired [
1539 silly reify   'D:\\桌面\\software\\petcare\\backend\\node_modules\\follow-redirects'
1539 silly reify ]
1540 silly reify mark retired [ 'D:\\桌面\\software\\petcare\\backend\\node_modules\\for-each' ]
1541 silly reify mark retired [ 'D:\\桌面\\software\\petcare\\backend\\node_modules\\form-data' ]
1542 silly reify mark retired [
1542 silly reify   'D:\\桌面\\software\\petcare\\backend\\node_modules\\functions-have-names'
1542 silly reify ]
1543 silly reify mark retired [ 'D:\\桌面\\software\\petcare\\backend\\node_modules\\has-bigints' ]
1544 silly reify mark retired [
1544 silly reify   'D:\\桌面\\software\\petcare\\backend\\node_modules\\has-property-descriptors'
1544 silly reify ]
1545 silly reify mark retired [ 'D:\\桌面\\software\\petcare\\backend\\node_modules\\has-tostringtag' ]
1546 silly reify mark retired [ 'D:\\桌面\\software\\petcare\\backend\\node_modules\\helmet' ]
1547 silly reify mark retired [ 'D:\\桌面\\software\\petcare\\backend\\node_modules\\internal-slot' ]
1548 silly reify mark retired [ 'D:\\桌面\\software\\petcare\\backend\\node_modules\\is-array-buffer' ]
1549 silly reify mark retired [ 'D:\\桌面\\software\\petcare\\backend\\node_modules\\is-arguments' ]
1550 silly reify mark retired [ 'D:\\桌面\\software\\petcare\\backend\\node_modules\\is-bigint' ]
1551 silly reify mark retired [
1551 silly reify   'D:\\桌面\\software\\petcare\\backend\\node_modules\\is-boolean-object'
1551 silly reify ]
1552 silly reify mark retired [ 'D:\\桌面\\software\\petcare\\backend\\node_modules\\is-callable' ]
1553 silly reify mark retired [ 'D:\\桌面\\software\\petcare\\backend\\node_modules\\is-date-object' ]
1554 silly reify mark retired [
1554 silly reify   'D:\\桌面\\software\\petcare\\backend\\node_modules\\is-number-object'
1554 silly reify ]
1555 silly reify mark retired [ 'D:\\桌面\\software\\petcare\\backend\\node_modules\\is-set' ]
1556 silly reify mark retired [ 'D:\\桌面\\software\\petcare\\backend\\node_modules\\is-regex' ]
1557 silly reify mark retired [
1557 silly reify   'D:\\桌面\\software\\petcare\\backend\\node_modules\\is-shared-array-buffer'
1557 silly reify ]
1558 silly reify mark retired [ 'D:\\桌面\\software\\petcare\\backend\\node_modules\\is-symbol' ]
1559 silly reify mark retired [ 'D:\\桌面\\software\\petcare\\backend\\node_modules\\is-string' ]
1560 silly reify mark retired [ 'D:\\桌面\\software\\petcare\\backend\\node_modules\\is-weakmap' ]
1561 silly reify mark retired [ 'D:\\桌面\\software\\petcare\\backend\\node_modules\\isarray' ]
1562 silly reify mark retired [ 'D:\\桌面\\software\\petcare\\backend\\node_modules\\is-weakset' ]
1563 silly reify mark retired [ 'D:\\桌面\\software\\petcare\\backend\\node_modules\\is-map' ]
1564 silly reify mark retired [ 'D:\\桌面\\software\\petcare\\backend\\node_modules\\jsbn' ]
1565 silly reify mark retired [ 'D:\\桌面\\software\\petcare\\backend\\node_modules\\jpeg-exif' ]
1566 silly reify mark retired [ 'D:\\桌面\\software\\petcare\\backend\\node_modules\\lazy' ]
1567 silly reify mark retired [ 'D:\\桌面\\software\\petcare\\backend\\node_modules\\linebreak' ]
1568 silly reify mark retired [ 'D:\\桌面\\software\\petcare\\backend\\node_modules\\lodash' ]
1569 silly reify mark retired [ 'D:\\桌面\\software\\petcare\\backend\\node_modules\\moment' ]
1570 silly reify mark retired [ 'D:\\桌面\\software\\petcare\\backend\\node_modules\\morgan' ]
1571 silly reify mark retired [ 'D:\\桌面\\software\\petcare\\backend\\node_modules\\multer' ]
1572 silly reify mark retired [ 'D:\\桌面\\software\\petcare\\backend\\node_modules\\object-is' ]
1573 silly reify mark retired [ 'D:\\桌面\\software\\petcare\\backend\\node_modules\\object-keys' ]
1574 silly reify mark retired [ 'D:\\桌面\\software\\petcare\\backend\\node_modules\\on-headers' ]
1575 silly reify mark retired [ 'D:\\桌面\\software\\petcare\\backend\\node_modules\\object.assign' ]
1576 silly reify mark retired [ 'D:\\桌面\\software\\petcare\\backend\\node_modules\\pako' ]
1577 silly reify mark retired [ 'D:\\桌面\\software\\petcare\\backend\\node_modules\\pdfkit' ]
1578 silly reify mark retired [ 'D:\\桌面\\software\\petcare\\backend\\node_modules\\pend' ]
1579 silly reify mark retired [ 'D:\\桌面\\software\\petcare\\backend\\node_modules\\png-js' ]
1580 silly reify mark retired [
1580 silly reify   'D:\\桌面\\software\\petcare\\backend\\node_modules\\process-nextick-args'
1580 silly reify ]
1581 silly reify mark retired [ 'D:\\桌面\\software\\petcare\\backend\\node_modules\\proxy-from-env' ]
1582 silly reify mark retired [
1582 silly reify   'D:\\桌面\\software\\petcare\\backend\\node_modules\\possible-typed-array-names'
1582 silly reify ]
1583 silly reify mark retired [
1583 silly reify   'D:\\桌面\\software\\petcare\\backend\\node_modules\\regexp.prototype.flags'
1583 silly reify ]
1584 silly reify mark retired [ 'D:\\桌面\\software\\petcare\\backend\\node_modules\\restructure' ]
1585 silly reify mark retired [ 'D:\\桌面\\software\\petcare\\backend\\node_modules\\safe-regex-test' ]
1586 silly reify mark retired [
1586 silly reify   'D:\\桌面\\software\\petcare\\backend\\node_modules\\set-function-length'
1586 silly reify ]
1587 silly reify mark retired [
1587 silly reify   'D:\\桌面\\software\\petcare\\backend\\node_modules\\set-function-name'
1587 silly reify ]
1588 silly reify mark retired [ 'D:\\桌面\\software\\petcare\\backend\\node_modules\\sprintf-js' ]
1589 silly reify mark retired [
1589 silly reify   'D:\\桌面\\software\\petcare\\backend\\node_modules\\stop-iteration-iterator'
1589 silly reify ]
1590 silly reify mark retired [ 'D:\\桌面\\software\\petcare\\backend\\node_modules\\streamsearch' ]
1591 silly reify mark retired [ 'D:\\桌面\\software\\petcare\\backend\\node_modules\\tiny-inflate' ]
1592 silly reify mark retired [ 'D:\\桌面\\software\\petcare\\backend\\node_modules\\tslib' ]
1593 silly reify mark retired [ 'D:\\桌面\\software\\petcare\\backend\\node_modules\\typedarray' ]
1594 silly reify mark retired [
1594 silly reify   'D:\\桌面\\software\\petcare\\backend\\node_modules\\unicode-properties'
1594 silly reify ]
1595 silly reify mark retired [ 'D:\\桌面\\software\\petcare\\backend\\node_modules\\unicode-trie' ]
1596 silly reify mark retired [
1596 silly reify   'D:\\桌面\\software\\petcare\\backend\\node_modules\\which-collection'
1596 silly reify ]
1597 silly reify mark retired [
1597 silly reify   'D:\\桌面\\software\\petcare\\backend\\node_modules\\which-boxed-primitive'
1597 silly reify ]
1598 silly reify mark retired [
1598 silly reify   'D:\\桌面\\software\\petcare\\backend\\node_modules\\which-typed-array'
1598 silly reify ]
1599 silly reify mark retired [ 'D:\\桌面\\software\\petcare\\backend\\node_modules\\yauzl' ]
1600 silly reify mark retired [ 'D:\\桌面\\software\\petcare\\backend\\node_modules\\xtend' ]
1601 silly reify mark retired [ 'D:\\桌面\\software\\petcare\\backend\\node_modules\\@swc\\helpers' ]
1602 silly reify mark retired [ 'D:\\桌面\\software\\petcare\\backend\\node_modules\\validator' ]
1603 silly reify moves {
1603 silly reify   'D:\\桌面\\software\\petcare\\backend\\node_modules\\geoip-lite': 'D:\\桌面\\software\\petcare\\backend\\node_modules\\.geoip-lite-DEfeKp0O',
1603 silly reify   'D:\\桌面\\software\\petcare\\backend\\node_modules\\append-field': 'D:\\桌面\\software\\petcare\\backend\\node_modules\\.append-field-EzZ3LePT',
1603 silly reify   'D:\\桌面\\software\\petcare\\backend\\node_modules\\ansi-styles': 'D:\\桌面\\software\\petcare\\backend\\node_modules\\.ansi-styles-EkejSnrV',
1603 silly reify   'D:\\桌面\\software\\petcare\\backend\\node_modules\\array-buffer-byte-length': 'D:\\桌面\\software\\petcare\\backend\\node_modules\\.array-buffer-byte-length-349t27er',
1603 silly reify   'D:\\桌面\\software\\petcare\\backend\\node_modules\\async': 'D:\\桌面\\software\\petcare\\backend\\node_modules\\.async-HgNCZiuv',
1603 silly reify   'D:\\桌面\\software\\petcare\\backend\\node_modules\\asynckit': 'D:\\桌面\\software\\petcare\\backend\\node_modules\\.asynckit-AP7LPnmf',
1603 silly reify   'D:\\桌面\\software\\petcare\\backend\\node_modules\\available-typed-arrays': 'D:\\桌面\\software\\petcare\\backend\\node_modules\\.available-typed-arrays-OEIzTWw5',
1603 silly reify   'D:\\桌面\\software\\petcare\\backend\\node_modules\\axios': 'D:\\桌面\\software\\petcare\\backend\\node_modules\\.axios-UcINZ9a9',
1603 silly reify   'D:\\桌面\\software\\petcare\\backend\\node_modules\\basic-auth': 'D:\\桌面\\software\\petcare\\backend\\node_modules\\.basic-auth-Woux7KEl',
1603 silly reify   'D:\\桌面\\software\\petcare\\backend\\node_modules\\browserify-zlib': 'D:\\桌面\\software\\petcare\\backend\\node_modules\\.browserify-zlib-EuWMpkFz',
1603 silly reify   'D:\\桌面\\software\\petcare\\backend\\node_modules\\brotli': 'D:\\桌面\\software\\petcare\\backend\\node_modules\\.brotli-POadY4uV',
1603 silly reify   'D:\\桌面\\software\\petcare\\backend\\node_modules\\buffer-from': 'D:\\桌面\\software\\petcare\\backend\\node_modules\\.buffer-from-q02mugwD',
1603 silly reify   'D:\\桌面\\software\\petcare\\backend\\node_modules\\buffer-crc32': 'D:\\桌面\\software\\petcare\\backend\\node_modules\\.buffer-crc32-n10jkzoe',
1603 silly reify   'D:\\桌面\\software\\petcare\\backend\\node_modules\\busboy': 'D:\\桌面\\software\\petcare\\backend\\node_modules\\.busboy-MImHN07I',
1603 silly reify   'D:\\桌面\\software\\petcare\\backend\\node_modules\\call-bind': 'D:\\桌面\\software\\petcare\\backend\\node_modules\\.call-bind-IOSlz0NE',
1603 silly reify   'D:\\桌面\\software\\petcare\\backend\\node_modules\\chalk': 'D:\\桌面\\software\\petcare\\backend\\node_modules\\.chalk-u0YZOKgO',
1603 silly reify   'D:\\桌面\\software\\petcare\\backend\\node_modules\\clone': 'D:\\桌面\\software\\petcare\\backend\\node_modules\\.clone-ExFNs4xR',
1603 silly reify   'D:\\桌面\\software\\petcare\\backend\\node_modules\\color-convert': 'D:\\桌面\\software\\petcare\\backend\\node_modules\\.color-convert-BNNbyviN',
1603 silly reify   'D:\\桌面\\software\\petcare\\backend\\node_modules\\color-name': 'D:\\桌面\\software\\petcare\\backend\\node_modules\\.color-name-7RwqkCYl',
1603 silly reify   'D:\\桌面\\software\\petcare\\backend\\node_modules\\combined-stream': 'D:\\桌面\\software\\petcare\\backend\\node_modules\\.combined-stream-aXxTRVaP',
1603 silly reify   'D:\\桌面\\software\\petcare\\backend\\node_modules\\concat-stream': 'D:\\桌面\\software\\petcare\\backend\\node_modules\\.concat-stream-RAY8YVDi',
1603 silly reify   'D:\\桌面\\software\\petcare\\backend\\node_modules\\core-util-is': 'D:\\桌面\\software\\petcare\\backend\\node_modules\\.core-util-is-oHv8C0DD',
1603 silly reify   'D:\\桌面\\software\\petcare\\backend\\node_modules\\crypto-js': 'D:\\桌面\\software\\petcare\\backend\\node_modules\\.crypto-js-CRcZRemG',
1603 silly reify   'D:\\桌面\\software\\petcare\\backend\\node_modules\\deep-equal': 'D:\\桌面\\software\\petcare\\backend\\node_modules\\.deep-equal-bYWBZafG',
1603 silly reify   'D:\\桌面\\software\\petcare\\backend\\node_modules\\define-data-property': 'D:\\桌面\\software\\petcare\\backend\\node_modules\\.define-data-property-KFshxFlB',
1603 silly reify   'D:\\桌面\\software\\petcare\\backend\\node_modules\\define-properties': 'D:\\桌面\\software\\petcare\\backend\\node_modules\\.define-properties-wSGfa4Wb',
1603 silly reify   'D:\\桌面\\software\\petcare\\backend\\node_modules\\delayed-stream': 'D:\\桌面\\software\\petcare\\backend\\node_modules\\.delayed-stream-8QTYM27R',
1603 silly reify   'D:\\桌面\\software\\petcare\\backend\\node_modules\\dfa': 'D:\\桌面\\software\\petcare\\backend\\node_modules\\.dfa-f6Fm5QOq',
1603 silly reify   'D:\\桌面\\software\\petcare\\backend\\node_modules\\dotenv': 'D:\\桌面\\software\\petcare\\backend\\node_modules\\.dotenv-L3dBjZ7j',
1603 silly reify   'D:\\桌面\\software\\petcare\\backend\\node_modules\\es-get-iterator': 'D:\\桌面\\software\\petcare\\backend\\node_modules\\.es-get-iterator-PdA5R0xj',
1603 silly reify   'D:\\桌面\\software\\petcare\\backend\\node_modules\\es-set-tostringtag': 'D:\\桌面\\software\\petcare\\backend\\node_modules\\.es-set-tostringtag-mbfrz6v9',
1603 silly reify   'D:\\桌面\\software\\petcare\\backend\\node_modules\\express-validator': 'D:\\桌面\\software\\petcare\\backend\\node_modules\\.express-validator-YUAdZH5h',
1603 silly reify   'D:\\桌面\\software\\petcare\\backend\\node_modules\\fd-slicer': 'D:\\桌面\\software\\petcare\\backend\\node_modules\\.fd-slicer-PLDJ4vjT',
1603 silly reify   'D:\\桌面\\software\\petcare\\backend\\node_modules\\fontkit': 'D:\\桌面\\software\\petcare\\backend\\node_modules\\.fontkit-rDInWx3K',
1603 silly reify   'D:\\桌面\\software\\petcare\\backend\\node_modules\\follow-redirects': 'D:\\桌面\\software\\petcare\\backend\\node_modules\\.follow-redirects-hfogujwB',
1603 silly reify   'D:\\桌面\\software\\petcare\\backend\\node_modules\\for-each': 'D:\\桌面\\software\\petcare\\backend\\node_modules\\.for-each-rFBs1Lmo',
1603 silly reify   'D:\\桌面\\software\\petcare\\backend\\node_modules\\form-data': 'D:\\桌面\\software\\petcare\\backend\\node_modules\\.form-data-nDVhYgY3',
1603 silly reify   'D:\\桌面\\software\\petcare\\backend\\node_modules\\functions-have-names': 'D:\\桌面\\software\\petcare\\backend\\node_modules\\.functions-have-names-Px3RoygL',
1603 silly reify   'D:\\桌面\\software\\petcare\\backend\\node_modules\\has-bigints': 'D:\\桌面\\software\\petcare\\backend\\node_modules\\.has-bigints-Wvnnry84',
1603 silly reify   'D:\\桌面\\software\\petcare\\backend\\node_modules\\has-property-descriptors': 'D:\\桌面\\software\\petcare\\backend\\node_modules\\.has-property-descriptors-jq052dYa',
1603 silly reify   'D:\\桌面\\software\\petcare\\backend\\node_modules\\has-tostringtag': 'D:\\桌面\\software\\petcare\\backend\\node_modules\\.has-tostringtag-6TScbCjt',
1603 silly reify   'D:\\桌面\\software\\petcare\\backend\\node_modules\\helmet': 'D:\\桌面\\software\\petcare\\backend\\node_modules\\.helmet-qiwVSizb',
1603 silly reify   'D:\\桌面\\software\\petcare\\backend\\node_modules\\internal-slot': 'D:\\桌面\\software\\petcare\\backend\\node_modules\\.internal-slot-5fEwRnoJ',
1603 silly reify   'D:\\桌面\\software\\petcare\\backend\\node_modules\\is-array-buffer': 'D:\\桌面\\software\\petcare\\backend\\node_modules\\.is-array-buffer-bRg2LNdc',
1603 silly reify   'D:\\桌面\\software\\petcare\\backend\\node_modules\\is-arguments': 'D:\\桌面\\software\\petcare\\backend\\node_modules\\.is-arguments-NNrhnhez',
1603 silly reify   'D:\\桌面\\software\\petcare\\backend\\node_modules\\is-bigint': 'D:\\桌面\\software\\petcare\\backend\\node_modules\\.is-bigint-7zjtSBzW',
1603 silly reify   'D:\\桌面\\software\\petcare\\backend\\node_modules\\is-boolean-object': 'D:\\桌面\\software\\petcare\\backend\\node_modules\\.is-boolean-object-FTp6URex',
1603 silly reify   'D:\\桌面\\software\\petcare\\backend\\node_modules\\is-callable': 'D:\\桌面\\software\\petcare\\backend\\node_modules\\.is-callable-Etzo2wwr',
1603 silly reify   'D:\\桌面\\software\\petcare\\backend\\node_modules\\is-date-object': 'D:\\桌面\\software\\petcare\\backend\\node_modules\\.is-date-object-vdzgswQm',
1603 silly reify   'D:\\桌面\\software\\petcare\\backend\\node_modules\\is-number-object': 'D:\\桌面\\software\\petcare\\backend\\node_modules\\.is-number-object-GtGsevEQ',
1603 silly reify   'D:\\桌面\\software\\petcare\\backend\\node_modules\\is-set': 'D:\\桌面\\software\\petcare\\backend\\node_modules\\.is-set-UTACavsX',
1603 silly reify   'D:\\桌面\\software\\petcare\\backend\\node_modules\\is-regex': 'D:\\桌面\\software\\petcare\\backend\\node_modules\\.is-regex-q1HOsxEm',
1603 silly reify   'D:\\桌面\\software\\petcare\\backend\\node_modules\\is-shared-array-buffer': 'D:\\桌面\\software\\petcare\\backend\\node_modules\\.is-shared-array-buffer-QCD8Pq4X',
1603 silly reify   'D:\\桌面\\software\\petcare\\backend\\node_modules\\is-symbol': 'D:\\桌面\\software\\petcare\\backend\\node_modules\\.is-symbol-NDlmJlSE',
1603 silly reify   'D:\\桌面\\software\\petcare\\backend\\node_modules\\is-string': 'D:\\桌面\\software\\petcare\\backend\\node_modules\\.is-string-QrtkMkAR',
1603 silly reify   'D:\\桌面\\software\\petcare\\backend\\node_modules\\is-weakmap': 'D:\\桌面\\software\\petcare\\backend\\node_modules\\.is-weakmap-zZPoMEzP',
1603 silly reify   'D:\\桌面\\software\\petcare\\backend\\node_modules\\isarray': 'D:\\桌面\\software\\petcare\\backend\\node_modules\\.isarray-nl3Q1xCO',
1603 silly reify   'D:\\桌面\\software\\petcare\\backend\\node_modules\\is-weakset': 'D:\\桌面\\software\\petcare\\backend\\node_modules\\.is-weakset-bneRcK8U',
1603 silly reify   'D:\\桌面\\software\\petcare\\backend\\node_modules\\is-map': 'D:\\桌面\\software\\petcare\\backend\\node_modules\\.is-map-wpq0onmO',
1603 silly reify   'D:\\桌面\\software\\petcare\\backend\\node_modules\\jsbn': 'D:\\桌面\\software\\petcare\\backend\\node_modules\\.jsbn-VNU9m9H9',
1603 silly reify   'D:\\桌面\\software\\petcare\\backend\\node_modules\\jpeg-exif': 'D:\\桌面\\software\\petcare\\backend\\node_modules\\.jpeg-exif-IQq3igj1',
1603 silly reify   'D:\\桌面\\software\\petcare\\backend\\node_modules\\lazy': 'D:\\桌面\\software\\petcare\\backend\\node_modules\\.lazy-TAS0K7C4',
1603 silly reify   'D:\\桌面\\software\\petcare\\backend\\node_modules\\linebreak': 'D:\\桌面\\software\\petcare\\backend\\node_modules\\.linebreak-tOxHozDn',
1603 silly reify   'D:\\桌面\\software\\petcare\\backend\\node_modules\\lodash': 'D:\\桌面\\software\\petcare\\backend\\node_modules\\.lodash-4uItYjVG',
1603 silly reify   'D:\\桌面\\software\\petcare\\backend\\node_modules\\moment': 'D:\\桌面\\software\\petcare\\backend\\node_modules\\.moment-c7o4sZzp',
1603 silly reify   'D:\\桌面\\software\\petcare\\backend\\node_modules\\morgan': 'D:\\桌面\\software\\petcare\\backend\\node_modules\\.morgan-uM30wrYY',
1603 silly reify   'D:\\桌面\\software\\petcare\\backend\\node_modules\\multer': 'D:\\桌面\\software\\petcare\\backend\\node_modules\\.multer-k9lfTKz7',
1603 silly reify   'D:\\桌面\\software\\petcare\\backend\\node_modules\\object-is': 'D:\\桌面\\software\\petcare\\backend\\node_modules\\.object-is-vzbjU2iQ',
1603 silly reify   'D:\\桌面\\software\\petcare\\backend\\node_modules\\object-keys': 'D:\\桌面\\software\\petcare\\backend\\node_modules\\.object-keys-eLx7n1Wp',
1603 silly reify   'D:\\桌面\\software\\petcare\\backend\\node_modules\\on-headers': 'D:\\桌面\\software\\petcare\\backend\\node_modules\\.on-headers-QerVZtSg',
1603 silly reify   'D:\\桌面\\software\\petcare\\backend\\node_modules\\object.assign': 'D:\\桌面\\software\\petcare\\backend\\node_modules\\.object.assign-n5yf4J6A',
1603 silly reify   'D:\\桌面\\software\\petcare\\backend\\node_modules\\pako': 'D:\\桌面\\software\\petcare\\backend\\node_modules\\.pako-YzRkrVvk',
1603 silly reify   'D:\\桌面\\software\\petcare\\backend\\node_modules\\pdfkit': 'D:\\桌面\\software\\petcare\\backend\\node_modules\\.pdfkit-dKeJWlim',
1603 silly reify   'D:\\桌面\\software\\petcare\\backend\\node_modules\\pend': 'D:\\桌面\\software\\petcare\\backend\\node_modules\\.pend-ySb1BWk1',
1603 silly reify   'D:\\桌面\\software\\petcare\\backend\\node_modules\\png-js': 'D:\\桌面\\software\\petcare\\backend\\node_modules\\.png-js-ji8RRUiu',
1603 silly reify   'D:\\桌面\\software\\petcare\\backend\\node_modules\\process-nextick-args': 'D:\\桌面\\software\\petcare\\backend\\node_modules\\.process-nextick-args-RNZbeXr2',
1603 silly reify   'D:\\桌面\\software\\petcare\\backend\\node_modules\\proxy-from-env': 'D:\\桌面\\software\\petcare\\backend\\node_modules\\.proxy-from-env-tJ1NQ0db',
1603 silly reify   'D:\\桌面\\software\\petcare\\backend\\node_modules\\possible-typed-array-names': 'D:\\桌面\\software\\petcare\\backend\\node_modules\\.possible-typed-array-names-yblqeXyq',
1603 silly reify   'D:\\桌面\\software\\petcare\\backend\\node_modules\\regexp.prototype.flags': 'D:\\桌面\\software\\petcare\\backend\\node_modules\\.regexp.prototype.flags-Sk0XSzmB',
1603 silly reify   'D:\\桌面\\software\\petcare\\backend\\node_modules\\restructure': 'D:\\桌面\\software\\petcare\\backend\\node_modules\\.restructure-6SDIOlpN',
1603 silly reify   'D:\\桌面\\software\\petcare\\backend\\node_modules\\safe-regex-test': 'D:\\桌面\\software\\petcare\\backend\\node_modules\\.safe-regex-test-VodxohEj',
1603 silly reify   'D:\\桌面\\software\\petcare\\backend\\node_modules\\set-function-length': 'D:\\桌面\\software\\petcare\\backend\\node_modules\\.set-function-length-wrP2Yz6X',
1603 silly reify   'D:\\桌面\\software\\petcare\\backend\\node_modules\\set-function-name': 'D:\\桌面\\software\\petcare\\backend\\node_modules\\.set-function-name-EZqXzB5b',
1603 silly reify   'D:\\桌面\\software\\petcare\\backend\\node_modules\\sprintf-js': 'D:\\桌面\\software\\petcare\\backend\\node_modules\\.sprintf-js-pSyM8976',
1603 silly reify   'D:\\桌面\\software\\petcare\\backend\\node_modules\\stop-iteration-iterator': 'D:\\桌面\\software\\petcare\\backend\\node_modules\\.stop-iteration-iterator-qkw8ceis',
1603 silly reify   'D:\\桌面\\software\\petcare\\backend\\node_modules\\streamsearch': 'D:\\桌面\\software\\petcare\\backend\\node_modules\\.streamsearch-qM7rpywm',
1603 silly reify   'D:\\桌面\\software\\petcare\\backend\\node_modules\\tiny-inflate': 'D:\\桌面\\software\\petcare\\backend\\node_modules\\.tiny-inflate-BXDEcD7I',
1603 silly reify   'D:\\桌面\\software\\petcare\\backend\\node_modules\\tslib': 'D:\\桌面\\software\\petcare\\backend\\node_modules\\.tslib-Fq8hK97p',
1603 silly reify   'D:\\桌面\\software\\petcare\\backend\\node_modules\\typedarray': 'D:\\桌面\\software\\petcare\\backend\\node_modules\\.typedarray-QfbpowY1',
1603 silly reify   'D:\\桌面\\software\\petcare\\backend\\node_modules\\unicode-properties': 'D:\\桌面\\software\\petcare\\backend\\node_modules\\.unicode-properties-lkeEACfn',
1603 silly reify   'D:\\桌面\\software\\petcare\\backend\\node_modules\\unicode-trie': 'D:\\桌面\\software\\petcare\\backend\\node_modules\\.unicode-trie-mzocVtkg',
1603 silly reify   'D:\\桌面\\software\\petcare\\backend\\node_modules\\which-collection': 'D:\\桌面\\software\\petcare\\backend\\node_modules\\.which-collection-fGsbviI3',
1603 silly reify   'D:\\桌面\\software\\petcare\\backend\\node_modules\\which-boxed-primitive': 'D:\\桌面\\software\\petcare\\backend\\node_modules\\.which-boxed-primitive-ZSyN710m',
1603 silly reify   'D:\\桌面\\software\\petcare\\backend\\node_modules\\which-typed-array': 'D:\\桌面\\software\\petcare\\backend\\node_modules\\.which-typed-array-sp8pF64M',
1603 silly reify   'D:\\桌面\\software\\petcare\\backend\\node_modules\\yauzl': 'D:\\桌面\\software\\petcare\\backend\\node_modules\\.yauzl-hHk9TksG',
1603 silly reify   'D:\\桌面\\software\\petcare\\backend\\node_modules\\xtend': 'D:\\桌面\\software\\petcare\\backend\\node_modules\\.xtend-xiqz9s7I',
1603 silly reify   'D:\\桌面\\software\\petcare\\backend\\node_modules\\@swc\\helpers': 'D:\\桌面\\software\\petcare\\backend\\node_modules\\@swc\\.helpers-dfwCa2uE',
1603 silly reify   'D:\\桌面\\software\\petcare\\backend\\node_modules\\validator': 'D:\\桌面\\software\\petcare\\backend\\node_modules\\.validator-EC4FdxRK'
1603 silly reify }
1604 silly audit bulk request {
1604 silly audit   '@gar/promisify': [ '1.1.3' ],
1604 silly audit   '@npmcli/fs': [ '1.1.1' ],
1604 silly audit   '@npmcli/move-file': [ '1.1.2' ],
1604 silly audit   '@tootallnate/once': [ '1.1.2' ],
1604 silly audit   abbrev: [ '1.1.1' ],
1604 silly audit   accepts: [ '1.3.8' ],
1604 silly audit   'agent-base': [ '6.0.2' ],
1604 silly audit   debug: [ '4.4.3', '2.6.9' ],
1604 silly audit   ms: [ '2.1.3', '2.0.0' ],
1604 silly audit   agentkeepalive: [ '4.6.0' ],
1604 silly audit   'aggregate-error': [ '3.1.0' ],
1604 silly audit   'ansi-regex': [ '5.0.1' ],
1604 silly audit   anymatch: [ '3.1.3' ],
1604 silly audit   aproba: [ '2.1.0' ],
1604 silly audit   'are-we-there-yet': [ '3.0.1' ],
1604 silly audit   'array-flatten': [ '1.1.1' ],
1604 silly audit   'balanced-match': [ '4.0.4', '1.0.2' ],
1604 silly audit   'base64-js': [ '1.5.1', '0.0.8' ],
1604 silly audit   bcryptjs: [ '2.4.3' ],
1604 silly audit   'binary-extensions': [ '2.3.0' ],
1604 silly audit   bindings: [ '1.5.0' ],
1604 silly audit   bl: [ '4.1.0' ],
1604 silly audit   'body-parser': [ '1.20.5' ],
1604 silly audit   'brace-expansion': [ '5.0.6', '1.1.15' ],
1604 silly audit   braces: [ '3.0.3' ],
1604 silly audit   buffer: [ '5.7.1' ],
1604 silly audit   'buffer-equal-constant-time': [ '1.0.1' ],
1604 silly audit   bytes: [ '3.1.2' ],
1604 silly audit   cacache: [ '15.3.0' ],
1604 silly audit   'call-bind-apply-helpers': [ '1.0.2' ],
1604 silly audit   'call-bound': [ '1.0.4' ],
1604 silly audit   chokidar: [ '3.6.0' ],
1604 silly audit   chownr: [ '2.0.0', '1.1.4' ],
1604 silly audit   'clean-stack': [ '2.2.0' ],
1604 silly audit   'color-support': [ '1.1.3' ],
1604 silly audit   'concat-map': [ '0.0.1' ],
1604 silly audit   'console-control-strings': [ '1.1.0' ],
1604 silly audit   'content-disposition': [ '0.5.4' ],
1604 silly audit   'content-type': [ '1.0.5' ],
1604 silly audit   cookie: [ '0.7.2' ],
1604 silly audit   'cookie-signature': [ '1.0.7' ],
1604 silly audit   cors: [ '2.8.6' ],
1604 silly audit   'decompress-response': [ '6.0.0' ],
1604 silly audit   'deep-extend': [ '0.6.0' ],
1604 silly audit   delegates: [ '1.0.0' ],
1604 silly audit   depd: [ '2.0.0' ],
1604 silly audit   destroy: [ '1.2.0' ],
1604 silly audit   'detect-libc': [ '2.1.2' ],
1604 silly audit   'dunder-proto': [ '1.0.1' ],
1604 silly audit   'ecdsa-sig-formatter': [ '1.0.11' ],
1604 silly audit   'ee-first': [ '1.1.1' ],
1604 silly audit   'emoji-regex': [ '8.0.0' ],
1604 silly audit   encodeurl: [ '2.0.0' ],
1604 silly audit   encoding: [ '0.1.13' ],
1604 silly audit   'iconv-lite': [ '0.6.3', '0.4.24' ],
1604 silly audit   'end-of-stream': [ '1.4.5' ],
1604 silly audit   'env-paths': [ '2.2.1' ],
1604 silly audit   'err-code': [ '2.0.3' ],
1604 silly audit   'es-define-property': [ '1.0.1' ],
1604 silly audit   'es-errors': [ '1.3.0' ],
1604 silly audit   'es-object-atoms': [ '1.1.2' ],
1604 silly audit   'escape-html': [ '1.0.3' ],
1604 silly audit   etag: [ '1.8.1' ],
1604 silly audit   'expand-template': [ '2.0.3' ],
1604 silly audit   express: [ '4.22.2' ],
1604 silly audit   'file-uri-to-path': [ '1.0.0' ],
1604 silly audit   'fill-range': [ '7.1.1' ],
1604 silly audit   finalhandler: [ '1.3.2' ],
1604 silly audit   forwarded: [ '0.2.0' ],
1604 silly audit   fresh: [ '0.5.2' ],
1604 silly audit   'fs-constants': [ '1.0.0' ],
1604 silly audit   'fs-minipass': [ '2.1.0' ],
1604 silly audit   'fs.realpath': [ '1.0.0' ],
1604 silly audit   fsevents: [ '2.3.3' ],
1604 silly audit   'function-bind': [ '1.1.2' ],
1604 silly audit   gauge: [ '4.0.4' ],
1604 silly audit   'get-intrinsic': [ '1.3.0' ],
1604 silly audit   'get-proto': [ '1.0.1' ],
1604 silly audit   'github-from-package': [ '0.0.0' ],
1604 silly audit   glob: [ '7.2.3' ],
1604 silly audit   minimatch: [ '3.1.5', '10.2.5' ],
1604 silly audit   'glob-parent': [ '5.1.2' ],
1604 silly audit   gopd: [ '1.2.0' ],
1604 silly audit   'graceful-fs': [ '4.2.11' ],
1604 silly audit   'has-flag': [ '3.0.0', '4.0.0' ],
1604 silly audit   'has-symbols': [ '1.1.0' ],
1604 silly audit   'has-unicode': [ '2.0.1' ],
1604 silly audit   hasown: [ '2.0.3' ],
1604 silly audit   'http-cache-semantics': [ '4.2.0' ],
1604 silly audit   'http-errors': [ '2.0.1' ],
1604 silly audit   'http-proxy-agent': [ '4.0.1' ],
1604 silly audit   'https-proxy-agent': [ '5.0.1' ],
1604 silly audit   'humanize-ms': [ '1.2.1' ],
1604 silly audit   ieee754: [ '1.2.1' ],
1604 silly audit   'ignore-by-default': [ '1.0.1' ],
1604 silly audit   imurmurhash: [ '0.1.4' ],
1604 silly audit   'indent-string': [ '4.0.0' ],
1604 silly audit   'infer-owner': [ '1.0.4' ],
1604 silly audit   inflight: [ '1.0.6' ],
1604 silly audit   inherits: [ '2.0.4' ],
1604 silly audit   ini: [ '1.3.8' ],
1604 silly audit   'ip-address': [ '10.2.0', '5.9.4' ],
1604 silly audit   'ipaddr.js': [ '1.9.1' ],
1604 silly audit   'is-binary-path': [ '2.1.0' ],
1604 silly audit   'is-extglob': [ '2.1.1' ],
1604 silly audit   'is-fullwidth-code-point': [ '3.0.0' ],
1604 silly audit   'is-glob': [ '4.0.3' ],
1604 silly audit   'is-lambda': [ '1.0.1' ],
1604 silly audit   'is-number': [ '7.0.0' ],
1604 silly audit   isexe: [ '2.0.0' ],
1604 silly audit   jsonwebtoken: [ '9.0.3' ],
1604 silly audit   jwa: [ '2.0.1' ],
1604 silly audit   jws: [ '4.0.1' ],
1604 silly audit   'lodash.includes': [ '4.3.0' ],
1604 silly audit   'lodash.isboolean': [ '3.0.3' ],
1604 silly audit   'lodash.isinteger': [ '4.0.4' ],
1604 silly audit   'lodash.isnumber': [ '3.0.3' ],
1604 silly audit   'lodash.isplainobject': [ '4.0.6' ],
1604 silly audit   'lodash.isstring': [ '4.0.1' ],
1604 silly audit   'lodash.once': [ '4.1.1' ],
1604 silly audit   'lru-cache': [ '6.0.0' ],
1604 silly audit   'make-fetch-happen': [ '9.1.0' ],
1604 silly audit   'math-intrinsics': [ '1.1.0' ],
1604 silly audit   'media-typer': [ '0.3.0' ],
1604 silly audit   'merge-descriptors': [ '1.0.3' ],
1604 silly audit   methods: [ '1.1.2' ],
1604 silly audit   mime: [ '1.6.0' ],
1604 silly audit   'mime-db': [ '1.52.0' ],
1604 silly audit   'mime-types': [ '2.1.35' ],
1604 silly audit   'mimic-response': [ '3.1.0' ],
1604 silly audit   minimist: [ '1.2.8' ],
1604 silly audit   minipass: [ '3.3.6', '5.0.0' ],
1604 silly audit   'minipass-collect': [ '1.0.2' ],
1604 silly audit   'minipass-fetch': [ '1.4.1' ],
1604 silly audit   'minipass-flush': [ '1.0.7' ],
1604 silly audit   'minipass-pipeline': [ '1.2.4' ],
1604 silly audit   'minipass-sized': [ '1.0.3' ],
1604 silly audit   minizlib: [ '2.1.2' ],
1604 silly audit   mkdirp: [ '1.0.4', '0.5.6' ],
1604 silly audit   'mkdirp-classic': [ '0.5.3' ],
1604 silly audit   'napi-build-utils': [ '2.0.0' ],
1604 silly audit   negotiator: [ '0.6.3' ],
1604 silly audit   'node-abi': [ '3.92.0' ],
1604 silly audit   'node-addon-api': [ '7.1.1' ],
1604 silly audit   'node-gyp': [ '8.4.1' ],
1604 silly audit   nodemon: [ '3.1.14' ],
1604 silly audit   nopt: [ '5.0.0' ],
1604 silly audit   'normalize-path': [ '3.0.0' ],
1604 silly audit   npmlog: [ '6.0.2' ],
1604 silly audit   'object-assign': [ '4.1.1' ],
1604 silly audit   'object-inspect': [ '1.13.4' ],
1604 silly audit   'on-finished': [ '2.4.1' ],
1604 silly audit   once: [ '1.4.0' ],
1604 silly audit   'p-map': [ '4.0.0' ],
1604 silly audit   parseurl: [ '1.3.3' ],
1604 silly audit   'path-is-absolute': [ '1.0.1' ],
1604 silly audit   'path-to-regexp': [ '0.1.13' ],
1604 silly audit   picomatch: [ '2.3.2' ],
1604 silly audit   'prebuild-install': [ '7.1.3' ],
1604 silly audit   'promise-inflight': [ '1.0.1' ],
1604 silly audit   'promise-retry': [ '2.0.1' ],
1604 silly audit   'proxy-addr': [ '2.0.7' ],
1604 silly audit   'pstree.remy': [ '1.1.8' ],
1604 silly audit   pump: [ '3.0.4' ],
1604 silly audit   qs: [ '6.15.2' ],
1604 silly audit   'range-parser': [ '1.2.1' ],
1604 silly audit   'raw-body': [ '2.5.3' ],
1604 silly audit   rc: [ '1.2.8' ],
1604 silly audit   'readable-stream': [ '3.6.2', '2.3.8' ],
1604 silly audit   readdirp: [ '3.6.0' ],
1604 silly audit   retry: [ '0.12.0' ],
1604 silly audit   rimraf: [ '3.0.2', '2.7.1' ],
1604 silly audit   'safe-buffer': [ '5.2.1', '5.1.2' ],
1604 silly audit   'safer-buffer': [ '2.1.2' ],
1604 silly audit   semver: [ '7.8.0' ],
1604 silly audit   send: [ '0.19.2' ],
1604 silly audit   'serve-static': [ '1.16.3' ],
1604 silly audit   'set-blocking': [ '2.0.0' ],
1604 silly audit   setprototypeof: [ '1.2.0' ],
1604 silly audit   'side-channel': [ '1.1.0' ],
1604 silly audit   'side-channel-list': [ '1.0.1' ],
1604 silly audit   'side-channel-map': [ '1.0.1' ],
1604 silly audit   'side-channel-weakmap': [ '1.0.2' ],
1604 silly audit   'signal-exit': [ '3.0.7' ],
1604 silly audit   'simple-concat': [ '1.0.1' ],
1604 silly audit   'simple-get': [ '4.0.1' ],
1604 silly audit   'simple-update-notifier': [ '2.0.0' ],
1604 silly audit   'smart-buffer': [ '4.2.0' ],
1604 silly audit   socks: [ '2.8.9' ],
1604 silly audit   'socks-proxy-agent': [ '6.2.1' ],
1604 silly audit   sqlite3: [ '5.1.7' ],
1604 silly audit   ssri: [ '8.0.1' ],
1604 silly audit   statuses: [ '2.0.2' ],
1604 silly audit   'string-width': [ '4.2.3' ],
1604 silly audit   string_decoder: [ '1.3.0', '1.1.1' ],
1604 silly audit   'strip-ansi': [ '6.0.1' ],
1604 silly audit   'strip-json-comments': [ '2.0.1' ],
1604 silly audit   'supports-color': [ '5.5.0', '7.2.0' ],
1604 silly audit   tar: [ '6.2.1' ],
1604 silly audit   'tar-fs': [ '2.1.4' ],
1604 silly audit   'tar-stream': [ '2.2.0' ],
1604 silly audit   'to-regex-range': [ '5.0.1' ],
1604 silly audit   toidentifier: [ '1.0.1' ],
1604 silly audit   touch: [ '3.1.1' ],
1604 silly audit   'tunnel-agent': [ '0.6.0' ],
1604 silly audit   'type-is': [ '1.6.18' ],
1604 silly audit   undefsafe: [ '2.0.5' ],
1604 silly audit   'unique-filename': [ '1.1.1' ],
1604 silly audit   'unique-slug': [ '2.0.2' ],
1604 silly audit   unpipe: [ '1.0.0' ],
1604 silly audit   'util-deprecate': [ '1.0.2' ],
1604 silly audit   'utils-merge': [ '1.0.1' ],
1604 silly audit   uuid: [ '9.0.1' ],
1604 silly audit   vary: [ '1.1.2' ],
1604 silly audit   which: [ '2.0.2' ],
1604 silly audit   'wide-align': [ '1.1.5' ],
1604 silly audit   wrappy: [ '1.0.2' ],
1604 silly audit   yallist: [ '4.0.0' ],
1604 silly audit   axios: [ '1.16.1' ],
1604 silly audit   dotenv: [ '16.6.1' ],
1604 silly audit   'express-validator': [ '7.3.2' ],
1604 silly audit   'geoip-lite': [ '1.4.10' ],
1604 silly audit   moment: [ '2.30.1' ],
1604 silly audit   multer: [ '1.4.5-lts.2' ],
1604 silly audit   pdfkit: [ '0.15.2' ],
1604 silly audit   'follow-redirects': [ '1.16.0' ],
1604 silly audit   'form-data': [ '4.0.5' ],
1604 silly audit   'proxy-from-env': [ '2.1.0' ],
1604 silly audit   lodash: [ '4.18.1' ],
1604 silly audit   validator: [ '13.15.35' ],
1604 silly audit   asynckit: [ '0.4.0' ],
1604 silly audit   'combined-stream': [ '1.0.8' ],
1604 silly audit   'es-set-tostringtag': [ '2.1.0' ],
1604 silly audit   'delayed-stream': [ '1.0.0' ],
1604 silly audit   'has-tostringtag': [ '1.0.2' ],
1604 silly audit   async: [ '2.6.4' ],
1604 silly audit   chalk: [ '4.1.2' ],
1604 silly audit   lazy: [ '1.0.11' ],
1604 silly audit   yauzl: [ '2.10.0' ],
1604 silly audit   'ansi-styles': [ '4.3.0' ],
1604 silly audit   'color-convert': [ '2.0.1' ],
1604 silly audit   'color-name': [ '1.1.4' ],
1604 silly audit   'append-field': [ '1.0.0' ],
1604 silly audit   busboy: [ '1.6.0' ],
1604 silly audit   'concat-stream': [ '1.6.2' ],
1604 silly audit   xtend: [ '4.0.2' ],
1604 silly audit   streamsearch: [ '1.1.0' ],
1604 silly audit   'buffer-from': [ '1.1.2' ],
1604 silly audit   typedarray: [ '0.0.6' ],
1604 silly audit   'crypto-js': [ '4.2.0' ],
1604 silly audit   fontkit: [ '1.9.0' ],
1604 silly audit   'jpeg-exif': [ '1.1.4' ],
1604 silly audit   linebreak: [ '1.1.0' ],
1604 silly audit   'png-js': [ '1.1.0' ],
1604 silly audit   '@swc/helpers': [ '0.3.17' ],
1604 silly audit   brotli: [ '1.3.3' ],
1604 silly audit   clone: [ '2.1.2' ],
1604 silly audit   'deep-equal': [ '2.2.3' ],
1604 silly audit   dfa: [ '1.2.0' ],
1604 silly audit   restructure: [ '2.0.1' ],
1604 silly audit   'tiny-inflate': [ '1.0.3' ],
1604 silly audit   'unicode-properties': [ '1.4.1' ],
1604 silly audit   'unicode-trie': [ '2.0.0' ],
1604 silly audit   tslib: [ '2.8.1' ],
1604 silly audit   'array-buffer-byte-length': [ '1.0.2' ],
1604 silly audit   'call-bind': [ '1.0.9' ],
1604 silly audit   'es-get-iterator': [ '1.1.3' ],
1604 silly audit   'is-arguments': [ '1.2.0' ],
1604 silly audit   'is-array-buffer': [ '3.0.5' ],
1604 silly audit   'is-date-object': [ '1.1.0' ],
1604 silly audit   'is-regex': [ '1.2.1' ],
1604 silly audit   'is-shared-array-buffer': [ '1.0.4' ],
1604 silly audit   isarray: [ '2.0.5', '1.0.0' ],
1604 silly audit   'object-is': [ '1.1.6' ],
1604 silly audit   'object-keys': [ '1.1.1' ],
1604 silly audit   'object.assign': [ '4.1.7' ],
1604 silly audit   'regexp.prototype.flags': [ '1.5.4' ],
1604 silly audit   'which-boxed-primitive': [ '1.1.1' ],
1604 silly audit   'which-collection': [ '1.0.2' ],
1604 silly audit   'which-typed-array': [ '1.1.21' ],
1604 silly audit   'set-function-length': [ '1.2.2' ],
1604 silly audit   'is-map': [ '2.0.3' ],
1604 silly audit   'is-set': [ '2.0.3' ],
1604 silly audit   'is-string': [ '1.1.1' ],
1604 silly audit   'stop-iteration-iterator': [ '1.1.0' ],
1604 silly audit   'define-properties': [ '1.2.1' ],
1604 silly audit   'define-data-property': [ '1.1.4' ],
1604 silly audit   'has-property-descriptors': [ '1.0.2' ],
1604 silly audit   'browserify-zlib': [ '0.2.0' ],
1604 silly audit   pako: [ '1.0.11', '0.2.9' ],
1604 silly audit   'set-function-name': [ '2.0.2' ],
1604 silly audit   'functions-have-names': [ '1.2.3' ],
1604 silly audit   'internal-slot': [ '1.1.0' ],
1604 silly audit   'is-bigint': [ '1.1.0' ],
1604 silly audit   'is-boolean-object': [ '1.2.2' ],
1604 silly audit   'is-number-object': [ '1.1.1' ],
1604 silly audit   'is-symbol': [ '1.1.1' ],
1604 silly audit   'has-bigints': [ '1.1.0' ],
1604 silly audit   'safe-regex-test': [ '1.1.0' ],
1604 silly audit   'is-weakmap': [ '2.0.2' ],
1604 silly audit   'is-weakset': [ '2.0.4' ],
1604 silly audit   'available-typed-arrays': [ '1.0.7' ],
1604 silly audit   'for-each': [ '0.3.5' ],
1604 silly audit   'possible-typed-array-names': [ '1.1.0' ],
1604 silly audit   'is-callable': [ '1.2.7' ],
1604 silly audit   'buffer-crc32': [ '0.2.13' ],
1604 silly audit   'fd-slicer': [ '1.1.0' ],
1604 silly audit   pend: [ '1.2.0' ],
1604 silly audit   'core-util-is': [ '1.0.3' ],
1604 silly audit   'process-nextick-args': [ '2.0.1' ],
1604 silly audit   jsbn: [ '1.1.0' ],
1604 silly audit   'sprintf-js': [ '1.1.2' ]
1604 silly audit }
1605 verbose reify failed optional dependency D:\桌面\software\petcare\backend\node_modules\fsevents
1606 silly reify mark deleted [ 'D:\\桌面\\software\\petcare\\backend\\node_modules\\fsevents' ]
1607 http cache validator@https://registry.npmjs.org/validator/-/validator-13.15.35.tgz 0ms (cache hit)
1608 http cache @swc/helpers@https://registry.npmjs.org/@swc/helpers/-/helpers-0.3.17.tgz 0ms (cache hit)
1609 http cache which-typed-array@https://registry.npmjs.org/which-typed-array/-/which-typed-array-1.1.21.tgz 0ms (cache hit)
1610 http cache yauzl@https://registry.npmjs.org/yauzl/-/yauzl-2.10.0.tgz 0ms (cache hit)
1611 http cache which-collection@https://registry.npmjs.org/which-collection/-/which-collection-1.0.2.tgz 0ms (cache hit)
1612 http cache xtend@https://registry.npmjs.org/xtend/-/xtend-4.0.2.tgz 0ms (cache hit)
1613 http cache unicode-trie@https://registry.npmjs.org/unicode-trie/-/unicode-trie-2.0.0.tgz 0ms (cache hit)
1614 http cache which-boxed-primitive@https://registry.npmjs.org/which-boxed-primitive/-/which-boxed-primitive-1.1.1.tgz 0ms (cache hit)
1615 http cache unicode-properties@https://registry.npmjs.org/unicode-properties/-/unicode-properties-1.4.1.tgz 0ms (cache hit)
1616 http cache typedarray@https://registry.npmjs.org/typedarray/-/typedarray-0.0.6.tgz 0ms (cache hit)
1617 http cache tiny-inflate@https://registry.npmjs.org/tiny-inflate/-/tiny-inflate-1.0.3.tgz 0ms (cache hit)
1618 http cache streamsearch@https://registry.npmjs.org/streamsearch/-/streamsearch-1.1.0.tgz 0ms (cache hit)
1619 http cache stop-iteration-iterator@https://registry.npmjs.org/stop-iteration-iterator/-/stop-iteration-iterator-1.1.0.tgz 0ms (cache hit)
1620 http cache tslib@https://registry.npmjs.org/tslib/-/tslib-2.8.1.tgz 0ms (cache hit)
1621 http cache set-function-length@https://registry.npmjs.org/set-function-length/-/set-function-length-1.2.2.tgz 0ms (cache hit)
1622 http cache set-function-name@https://registry.npmjs.org/set-function-name/-/set-function-name-2.0.2.tgz 0ms (cache hit)
1623 http cache sprintf-js@https://registry.npmjs.org/sprintf-js/-/sprintf-js-1.1.2.tgz 0ms (cache hit)
1624 http cache safe-regex-test@https://registry.npmjs.org/safe-regex-test/-/safe-regex-test-1.1.0.tgz 0ms (cache hit)
1625 http cache restructure@https://registry.npmjs.org/restructure/-/restructure-2.0.1.tgz 0ms (cache hit)
1626 http cache process-nextick-args@https://registry.npmjs.org/process-nextick-args/-/process-nextick-args-2.0.1.tgz 0ms (cache hit)
1627 http cache regexp.prototype.flags@https://registry.npmjs.org/regexp.prototype.flags/-/regexp.prototype.flags-1.5.4.tgz 0ms (cache hit)
1628 http cache possible-typed-array-names@https://registry.npmjs.org/possible-typed-array-names/-/possible-typed-array-names-1.1.0.tgz 0ms (cache hit)
1629 http cache proxy-from-env@https://registry.npmjs.org/proxy-from-env/-/proxy-from-env-2.1.0.tgz 0ms (cache hit)
1630 http cache pend@https://registry.npmjs.org/pend/-/pend-1.2.0.tgz 0ms (cache hit)
1631 http cache png-js@https://registry.npmjs.org/png-js/-/png-js-1.1.0.tgz 0ms (cache hit)
1632 http cache pdfkit@https://registry.npmjs.org/pdfkit/-/pdfkit-0.15.2.tgz 0ms (cache hit)
1633 http cache pako@https://registry.npmjs.org/pako/-/pako-1.0.11.tgz 0ms (cache hit)
1634 http cache object.assign@https://registry.npmjs.org/object.assign/-/object.assign-4.1.7.tgz 0ms (cache hit)
1635 http cache object-is@https://registry.npmjs.org/object-is/-/object-is-1.1.6.tgz 0ms (cache hit)
1636 http cache object-keys@https://registry.npmjs.org/object-keys/-/object-keys-1.1.1.tgz 0ms (cache hit)
1637 http cache multer@https://registry.npmjs.org/multer/-/multer-1.4.5-lts.2.tgz 0ms (cache hit)
1638 http cache lodash@https://registry.npmjs.org/lodash/-/lodash-4.18.1.tgz 0ms (cache hit)
1639 http cache linebreak@https://registry.npmjs.org/linebreak/-/linebreak-1.1.0.tgz 0ms (cache hit)
1640 http cache jpeg-exif@https://registry.npmjs.org/jpeg-exif/-/jpeg-exif-1.1.4.tgz 0ms (cache hit)
1641 http cache jsbn@https://registry.npmjs.org/jsbn/-/jsbn-1.1.0.tgz 0ms (cache hit)
1642 http cache lazy@https://registry.npmjs.org/lazy/-/lazy-1.0.11.tgz 0ms (cache hit)
1643 http cache is-map@https://registry.npmjs.org/is-map/-/is-map-2.0.3.tgz 0ms (cache hit)
1644 http cache is-weakset@https://registry.npmjs.org/is-weakset/-/is-weakset-2.0.4.tgz 0ms (cache hit)
1645 http cache isarray@https://registry.npmjs.org/isarray/-/isarray-2.0.5.tgz 0ms (cache hit)
1646 http cache is-weakmap@https://registry.npmjs.org/is-weakmap/-/is-weakmap-2.0.2.tgz 0ms (cache hit)
1647 http cache is-string@https://registry.npmjs.org/is-string/-/is-string-1.1.1.tgz 0ms (cache hit)
1648 http cache is-regex@https://registry.npmjs.org/is-regex/-/is-regex-1.2.1.tgz 0ms (cache hit)
1649 http cache is-symbol@https://registry.npmjs.org/is-symbol/-/is-symbol-1.1.1.tgz 0ms (cache hit)
1650 http cache is-shared-array-buffer@https://registry.npmjs.org/is-shared-array-buffer/-/is-shared-array-buffer-1.0.4.tgz 0ms (cache hit)
1651 http cache is-number-object@https://registry.npmjs.org/is-number-object/-/is-number-object-1.1.1.tgz 0ms (cache hit)
1652 http cache is-set@https://registry.npmjs.org/is-set/-/is-set-2.0.3.tgz 0ms (cache hit)
1653 http cache is-date-object@https://registry.npmjs.org/is-date-object/-/is-date-object-1.1.0.tgz 0ms (cache hit)
1654 http cache is-boolean-object@https://registry.npmjs.org/is-boolean-object/-/is-boolean-object-1.2.2.tgz 0ms (cache hit)
1655 http cache is-callable@https://registry.npmjs.org/is-callable/-/is-callable-1.2.7.tgz 0ms (cache hit)
1656 http cache is-array-buffer@https://registry.npmjs.org/is-array-buffer/-/is-array-buffer-3.0.5.tgz 0ms (cache hit)
1657 http cache internal-slot@https://registry.npmjs.org/internal-slot/-/internal-slot-1.1.0.tgz 0ms (cache hit)
1658 http cache is-bigint@https://registry.npmjs.org/is-bigint/-/is-bigint-1.1.0.tgz 0ms (cache hit)
1659 http cache has-tostringtag@https://registry.npmjs.org/has-tostringtag/-/has-tostringtag-1.0.2.tgz 0ms (cache hit)
1660 http cache has-property-descriptors@https://registry.npmjs.org/has-property-descriptors/-/has-property-descriptors-1.0.2.tgz 0ms (cache hit)
1661 http cache is-arguments@https://registry.npmjs.org/is-arguments/-/is-arguments-1.2.0.tgz 0ms (cache hit)
1662 http cache functions-have-names@https://registry.npmjs.org/functions-have-names/-/functions-have-names-1.2.3.tgz 0ms (cache hit)
1663 http cache form-data@https://registry.npmjs.org/form-data/-/form-data-4.0.5.tgz 0ms (cache hit)
1664 http cache has-bigints@https://registry.npmjs.org/has-bigints/-/has-bigints-1.1.0.tgz 0ms (cache hit)
1665 http cache for-each@https://registry.npmjs.org/for-each/-/for-each-0.3.5.tgz 0ms (cache hit)
1666 http cache follow-redirects@https://registry.npmjs.org/follow-redirects/-/follow-redirects-1.16.0.tgz 0ms (cache hit)
1667 http cache fontkit@https://registry.npmjs.org/fontkit/-/fontkit-1.9.0.tgz 0ms (cache hit)
1668 http cache es-set-tostringtag@https://registry.npmjs.org/es-set-tostringtag/-/es-set-tostringtag-2.1.0.tgz 0ms (cache hit)
1669 http cache fd-slicer@https://registry.npmjs.org/fd-slicer/-/fd-slicer-1.1.0.tgz 0ms (cache hit)
1670 http cache express-validator@https://registry.npmjs.org/express-validator/-/express-validator-7.3.2.tgz 0ms (cache hit)
1671 http cache dotenv@https://registry.npmjs.org/dotenv/-/dotenv-16.6.1.tgz 0ms (cache hit)
1672 http cache es-get-iterator@https://registry.npmjs.org/es-get-iterator/-/es-get-iterator-1.1.3.tgz 0ms (cache hit)
1673 http cache define-properties@https://registry.npmjs.org/define-properties/-/define-properties-1.2.1.tgz 0ms (cache hit)
1674 http cache delayed-stream@https://registry.npmjs.org/delayed-stream/-/delayed-stream-1.0.0.tgz 0ms (cache hit)
1675 http cache dfa@https://registry.npmjs.org/dfa/-/dfa-1.2.0.tgz 0ms (cache hit)
1676 http cache core-util-is@https://registry.npmjs.org/core-util-is/-/core-util-is-1.0.3.tgz 0ms (cache hit)
1677 http cache define-data-property@https://registry.npmjs.org/define-data-property/-/define-data-property-1.1.4.tgz 0ms (cache hit)
1678 http cache deep-equal@https://registry.npmjs.org/deep-equal/-/deep-equal-2.2.3.tgz 0ms (cache hit)
1679 http cache combined-stream@https://registry.npmjs.org/combined-stream/-/combined-stream-1.0.8.tgz 0ms (cache hit)
1680 http cache crypto-js@https://registry.npmjs.org/crypto-js/-/crypto-js-4.2.0.tgz 0ms (cache hit)
1681 http cache concat-stream@https://registry.npmjs.org/concat-stream/-/concat-stream-1.6.2.tgz 0ms (cache hit)
1682 http cache clone@https://registry.npmjs.org/clone/-/clone-2.1.2.tgz 0ms (cache hit)
1683 http cache call-bind@https://registry.npmjs.org/call-bind/-/call-bind-1.0.9.tgz 0ms (cache hit)
1684 http cache chalk@https://registry.npmjs.org/chalk/-/chalk-4.1.2.tgz 0ms (cache hit)
1685 http cache color-name@https://registry.npmjs.org/color-name/-/color-name-1.1.4.tgz 0ms (cache hit)
1686 http cache buffer-crc32@https://registry.npmjs.org/buffer-crc32/-/buffer-crc32-0.2.13.tgz 0ms (cache hit)
1687 http cache browserify-zlib@https://registry.npmjs.org/browserify-zlib/-/browserify-zlib-0.2.0.tgz 0ms (cache hit)
1688 http cache buffer-from@https://registry.npmjs.org/buffer-from/-/buffer-from-1.1.2.tgz 0ms (cache hit)
1689 http cache brotli@https://registry.npmjs.org/brotli/-/brotli-1.3.3.tgz 0ms (cache hit)
1690 http cache busboy@https://registry.npmjs.org/busboy/-/busboy-1.6.0.tgz 0ms (cache hit)
1691 http cache available-typed-arrays@https://registry.npmjs.org/available-typed-arrays/-/available-typed-arrays-1.0.7.tgz 0ms (cache hit)
1692 http cache axios@https://registry.npmjs.org/axios/-/axios-1.16.1.tgz 0ms (cache hit)
1693 http cache moment@https://registry.npmjs.org/moment/-/moment-2.30.1.tgz 0ms (cache hit)
1694 http cache async@https://registry.npmjs.org/async/-/async-2.6.4.tgz 0ms (cache hit)
1695 http cache ansi-styles@https://registry.npmjs.org/ansi-styles/-/ansi-styles-4.3.0.tgz 0ms (cache hit)
1696 http cache asynckit@https://registry.npmjs.org/asynckit/-/asynckit-0.4.0.tgz 0ms (cache hit)
1697 http cache append-field@https://registry.npmjs.org/append-field/-/append-field-1.0.0.tgz 0ms (cache hit)
1698 http cache pako@https://registry.npmjs.org/pako/-/pako-0.2.9.tgz 0ms (cache hit)
1699 http cache mkdirp@https://registry.npmjs.org/mkdirp/-/mkdirp-0.5.6.tgz 0ms (cache hit)
1700 http cache geoip-lite@https://registry.npmjs.org/geoip-lite/-/geoip-lite-1.4.10.tgz 0ms (cache hit)
1701 http cache base64-js@https://registry.npmjs.org/base64-js/-/base64-js-0.0.8.tgz 0ms (cache hit)
1702 http cache rimraf@https://registry.npmjs.org/rimraf/-/rimraf-2.7.1.tgz 0ms (cache hit)
1703 http cache readable-stream@https://registry.npmjs.org/readable-stream/-/readable-stream-2.3.8.tgz 0ms (cache hit)
1704 http cache string_decoder@https://registry.npmjs.org/string_decoder/-/string_decoder-1.1.1.tgz 0ms (cache hit)
1705 http cache safe-buffer@https://registry.npmjs.org/safe-buffer/-/safe-buffer-5.1.2.tgz 0ms (cache hit)
1706 http cache isarray@https://registry.npmjs.org/isarray/-/isarray-1.0.0.tgz 0ms (cache hit)
1707 http cache has-flag@https://registry.npmjs.org/has-flag/-/has-flag-4.0.0.tgz 0ms (cache hit)
1708 http cache ip-address@https://registry.npmjs.org/ip-address/-/ip-address-5.9.4.tgz 0ms (cache hit)
1709 http cache supports-color@https://registry.npmjs.org/supports-color/-/supports-color-7.2.0.tgz 0ms (cache hit)
1710 http cache color-convert@https://registry.npmjs.org/color-convert/-/color-convert-2.0.1.tgz 0ms (cache hit)
1711 http cache array-buffer-byte-length@https://registry.npmjs.org/array-buffer-byte-length/-/array-buffer-byte-length-1.0.2.tgz 0ms (cache hit)
1712 silly tarball no local data for validator@https://registry.npmjs.org/validator/-/validator-13.15.35.tgz. Extracting by manifest.
1713 silly tarball no local data for @swc/helpers@https://registry.npmjs.org/@swc/helpers/-/helpers-0.3.17.tgz. Extracting by manifest.
1714 silly tarball no local data for which-typed-array@https://registry.npmjs.org/which-typed-array/-/which-typed-array-1.1.21.tgz. Extracting by manifest.
1715 silly tarball no local data for yauzl@https://registry.npmjs.org/yauzl/-/yauzl-2.10.0.tgz. Extracting by manifest.
1716 silly tarball no local data for which-collection@https://registry.npmjs.org/which-collection/-/which-collection-1.0.2.tgz. Extracting by manifest.
1717 silly tarball no local data for xtend@https://registry.npmjs.org/xtend/-/xtend-4.0.2.tgz. Extracting by manifest.
1718 silly tarball no local data for unicode-trie@https://registry.npmjs.org/unicode-trie/-/unicode-trie-2.0.0.tgz. Extracting by manifest.
1719 silly tarball no local data for which-boxed-primitive@https://registry.npmjs.org/which-boxed-primitive/-/which-boxed-primitive-1.1.1.tgz. Extracting by manifest.
1720 silly tarball no local data for unicode-properties@https://registry.npmjs.org/unicode-properties/-/unicode-properties-1.4.1.tgz. Extracting by manifest.
1721 silly tarball no local data for typedarray@https://registry.npmjs.org/typedarray/-/typedarray-0.0.6.tgz. Extracting by manifest.
1722 silly tarball no local data for tiny-inflate@https://registry.npmjs.org/tiny-inflate/-/tiny-inflate-1.0.3.tgz. Extracting by manifest.
1723 silly tarball no local data for streamsearch@https://registry.npmjs.org/streamsearch/-/streamsearch-1.1.0.tgz. Extracting by manifest.
1724 silly tarball no local data for stop-iteration-iterator@https://registry.npmjs.org/stop-iteration-iterator/-/stop-iteration-iterator-1.1.0.tgz. Extracting by manifest.
1725 silly tarball no local data for tslib@https://registry.npmjs.org/tslib/-/tslib-2.8.1.tgz. Extracting by manifest.
1726 silly tarball no local data for set-function-length@https://registry.npmjs.org/set-function-length/-/set-function-length-1.2.2.tgz. Extracting by manifest.
1727 silly tarball no local data for set-function-name@https://registry.npmjs.org/set-function-name/-/set-function-name-2.0.2.tgz. Extracting by manifest.
1728 silly tarball no local data for sprintf-js@https://registry.npmjs.org/sprintf-js/-/sprintf-js-1.1.2.tgz. Extracting by manifest.
1729 silly tarball no local data for safe-regex-test@https://registry.npmjs.org/safe-regex-test/-/safe-regex-test-1.1.0.tgz. Extracting by manifest.
1730 silly tarball no local data for restructure@https://registry.npmjs.org/restructure/-/restructure-2.0.1.tgz. Extracting by manifest.
1731 silly tarball no local data for process-nextick-args@https://registry.npmjs.org/process-nextick-args/-/process-nextick-args-2.0.1.tgz. Extracting by manifest.
1732 silly tarball no local data for regexp.prototype.flags@https://registry.npmjs.org/regexp.prototype.flags/-/regexp.prototype.flags-1.5.4.tgz. Extracting by manifest.
1733 silly tarball no local data for possible-typed-array-names@https://registry.npmjs.org/possible-typed-array-names/-/possible-typed-array-names-1.1.0.tgz. Extracting by manifest.
1734 silly tarball no local data for proxy-from-env@https://registry.npmjs.org/proxy-from-env/-/proxy-from-env-2.1.0.tgz. Extracting by manifest.
1735 silly tarball no local data for pend@https://registry.npmjs.org/pend/-/pend-1.2.0.tgz. Extracting by manifest.
1736 silly tarball no local data for png-js@https://registry.npmjs.org/png-js/-/png-js-1.1.0.tgz. Extracting by manifest.
1737 silly tarball no local data for pdfkit@https://registry.npmjs.org/pdfkit/-/pdfkit-0.15.2.tgz. Extracting by manifest.
1738 silly tarball no local data for pako@https://registry.npmjs.org/pako/-/pako-1.0.11.tgz. Extracting by manifest.
1739 silly tarball no local data for object.assign@https://registry.npmjs.org/object.assign/-/object.assign-4.1.7.tgz. Extracting by manifest.
1740 silly tarball no local data for object-is@https://registry.npmjs.org/object-is/-/object-is-1.1.6.tgz. Extracting by manifest.
1741 silly tarball no local data for object-keys@https://registry.npmjs.org/object-keys/-/object-keys-1.1.1.tgz. Extracting by manifest.
1742 silly tarball no local data for multer@https://registry.npmjs.org/multer/-/multer-1.4.5-lts.2.tgz. Extracting by manifest.
1743 silly tarball no local data for lodash@https://registry.npmjs.org/lodash/-/lodash-4.18.1.tgz. Extracting by manifest.
1744 silly tarball no local data for linebreak@https://registry.npmjs.org/linebreak/-/linebreak-1.1.0.tgz. Extracting by manifest.
1745 silly tarball no local data for jpeg-exif@https://registry.npmjs.org/jpeg-exif/-/jpeg-exif-1.1.4.tgz. Extracting by manifest.
1746 silly tarball no local data for jsbn@https://registry.npmjs.org/jsbn/-/jsbn-1.1.0.tgz. Extracting by manifest.
1747 silly tarball no local data for lazy@https://registry.npmjs.org/lazy/-/lazy-1.0.11.tgz. Extracting by manifest.
1748 silly tarball no local data for is-map@https://registry.npmjs.org/is-map/-/is-map-2.0.3.tgz. Extracting by manifest.
1749 silly tarball no local data for is-weakset@https://registry.npmjs.org/is-weakset/-/is-weakset-2.0.4.tgz. Extracting by manifest.
1750 silly tarball no local data for isarray@https://registry.npmjs.org/isarray/-/isarray-2.0.5.tgz. Extracting by manifest.
1751 silly tarball no local data for is-weakmap@https://registry.npmjs.org/is-weakmap/-/is-weakmap-2.0.2.tgz. Extracting by manifest.
1752 silly tarball no local data for is-string@https://registry.npmjs.org/is-string/-/is-string-1.1.1.tgz. Extracting by manifest.
1753 silly tarball no local data for is-regex@https://registry.npmjs.org/is-regex/-/is-regex-1.2.1.tgz. Extracting by manifest.
1754 silly tarball no local data for is-symbol@https://registry.npmjs.org/is-symbol/-/is-symbol-1.1.1.tgz. Extracting by manifest.
1755 silly tarball no local data for is-shared-array-buffer@https://registry.npmjs.org/is-shared-array-buffer/-/is-shared-array-buffer-1.0.4.tgz. Extracting by manifest.
1756 silly tarball no local data for is-number-object@https://registry.npmjs.org/is-number-object/-/is-number-object-1.1.1.tgz. Extracting by manifest.
1757 silly tarball no local data for is-set@https://registry.npmjs.org/is-set/-/is-set-2.0.3.tgz. Extracting by manifest.
1758 silly tarball no local data for is-date-object@https://registry.npmjs.org/is-date-object/-/is-date-object-1.1.0.tgz. Extracting by manifest.
1759 silly tarball no local data for is-boolean-object@https://registry.npmjs.org/is-boolean-object/-/is-boolean-object-1.2.2.tgz. Extracting by manifest.
1760 silly tarball no local data for is-callable@https://registry.npmjs.org/is-callable/-/is-callable-1.2.7.tgz. Extracting by manifest.
1761 silly tarball no local data for is-array-buffer@https://registry.npmjs.org/is-array-buffer/-/is-array-buffer-3.0.5.tgz. Extracting by manifest.
1762 silly tarball no local data for internal-slot@https://registry.npmjs.org/internal-slot/-/internal-slot-1.1.0.tgz. Extracting by manifest.
1763 silly tarball no local data for is-bigint@https://registry.npmjs.org/is-bigint/-/is-bigint-1.1.0.tgz. Extracting by manifest.
1764 silly tarball no local data for has-tostringtag@https://registry.npmjs.org/has-tostringtag/-/has-tostringtag-1.0.2.tgz. Extracting by manifest.
1765 silly tarball no local data for has-property-descriptors@https://registry.npmjs.org/has-property-descriptors/-/has-property-descriptors-1.0.2.tgz. Extracting by manifest.
1766 silly tarball no local data for is-arguments@https://registry.npmjs.org/is-arguments/-/is-arguments-1.2.0.tgz. Extracting by manifest.
1767 silly tarball no local data for functions-have-names@https://registry.npmjs.org/functions-have-names/-/functions-have-names-1.2.3.tgz. Extracting by manifest.
1768 silly tarball no local data for form-data@https://registry.npmjs.org/form-data/-/form-data-4.0.5.tgz. Extracting by manifest.
1769 silly tarball no local data for has-bigints@https://registry.npmjs.org/has-bigints/-/has-bigints-1.1.0.tgz. Extracting by manifest.
1770 silly tarball no local data for for-each@https://registry.npmjs.org/for-each/-/for-each-0.3.5.tgz. Extracting by manifest.
1771 silly tarball no local data for follow-redirects@https://registry.npmjs.org/follow-redirects/-/follow-redirects-1.16.0.tgz. Extracting by manifest.
1772 silly tarball no local data for fontkit@https://registry.npmjs.org/fontkit/-/fontkit-1.9.0.tgz. Extracting by manifest.
1773 silly tarball no local data for es-set-tostringtag@https://registry.npmjs.org/es-set-tostringtag/-/es-set-tostringtag-2.1.0.tgz. Extracting by manifest.
1774 silly tarball no local data for fd-slicer@https://registry.npmjs.org/fd-slicer/-/fd-slicer-1.1.0.tgz. Extracting by manifest.
1775 silly tarball no local data for express-validator@https://registry.npmjs.org/express-validator/-/express-validator-7.3.2.tgz. Extracting by manifest.
1776 silly tarball no local data for dotenv@https://registry.npmjs.org/dotenv/-/dotenv-16.6.1.tgz. Extracting by manifest.
1777 silly tarball no local data for es-get-iterator@https://registry.npmjs.org/es-get-iterator/-/es-get-iterator-1.1.3.tgz. Extracting by manifest.
1778 silly tarball no local data for define-properties@https://registry.npmjs.org/define-properties/-/define-properties-1.2.1.tgz. Extracting by manifest.
1779 silly tarball no local data for delayed-stream@https://registry.npmjs.org/delayed-stream/-/delayed-stream-1.0.0.tgz. Extracting by manifest.
1780 silly tarball no local data for dfa@https://registry.npmjs.org/dfa/-/dfa-1.2.0.tgz. Extracting by manifest.
1781 silly tarball no local data for core-util-is@https://registry.npmjs.org/core-util-is/-/core-util-is-1.0.3.tgz. Extracting by manifest.
1782 silly tarball no local data for define-data-property@https://registry.npmjs.org/define-data-property/-/define-data-property-1.1.4.tgz. Extracting by manifest.
1783 silly tarball no local data for deep-equal@https://registry.npmjs.org/deep-equal/-/deep-equal-2.2.3.tgz. Extracting by manifest.
1784 silly tarball no local data for combined-stream@https://registry.npmjs.org/combined-stream/-/combined-stream-1.0.8.tgz. Extracting by manifest.
1785 silly tarball no local data for crypto-js@https://registry.npmjs.org/crypto-js/-/crypto-js-4.2.0.tgz. Extracting by manifest.
1786 silly tarball no local data for concat-stream@https://registry.npmjs.org/concat-stream/-/concat-stream-1.6.2.tgz. Extracting by manifest.
1787 silly tarball no local data for clone@https://registry.npmjs.org/clone/-/clone-2.1.2.tgz. Extracting by manifest.
1788 silly tarball no local data for call-bind@https://registry.npmjs.org/call-bind/-/call-bind-1.0.9.tgz. Extracting by manifest.
1789 silly tarball no local data for chalk@https://registry.npmjs.org/chalk/-/chalk-4.1.2.tgz. Extracting by manifest.
1790 silly tarball no local data for color-name@https://registry.npmjs.org/color-name/-/color-name-1.1.4.tgz. Extracting by manifest.
1791 silly tarball no local data for buffer-crc32@https://registry.npmjs.org/buffer-crc32/-/buffer-crc32-0.2.13.tgz. Extracting by manifest.
1792 silly tarball no local data for browserify-zlib@https://registry.npmjs.org/browserify-zlib/-/browserify-zlib-0.2.0.tgz. Extracting by manifest.
1793 silly tarball no local data for buffer-from@https://registry.npmjs.org/buffer-from/-/buffer-from-1.1.2.tgz. Extracting by manifest.
1794 silly tarball no local data for brotli@https://registry.npmjs.org/brotli/-/brotli-1.3.3.tgz. Extracting by manifest.
1795 silly tarball no local data for busboy@https://registry.npmjs.org/busboy/-/busboy-1.6.0.tgz. Extracting by manifest.
1796 silly tarball no local data for available-typed-arrays@https://registry.npmjs.org/available-typed-arrays/-/available-typed-arrays-1.0.7.tgz. Extracting by manifest.
1797 silly tarball no local data for axios@https://registry.npmjs.org/axios/-/axios-1.16.1.tgz. Extracting by manifest.
1798 silly tarball no local data for moment@https://registry.npmjs.org/moment/-/moment-2.30.1.tgz. Extracting by manifest.
1799 silly tarball no local data for async@https://registry.npmjs.org/async/-/async-2.6.4.tgz. Extracting by manifest.
1800 silly tarball no local data for ansi-styles@https://registry.npmjs.org/ansi-styles/-/ansi-styles-4.3.0.tgz. Extracting by manifest.
1801 silly tarball no local data for asynckit@https://registry.npmjs.org/asynckit/-/asynckit-0.4.0.tgz. Extracting by manifest.
1802 silly tarball no local data for append-field@https://registry.npmjs.org/append-field/-/append-field-1.0.0.tgz. Extracting by manifest.
1803 silly tarball no local data for pako@https://registry.npmjs.org/pako/-/pako-0.2.9.tgz. Extracting by manifest.
1804 silly tarball no local data for mkdirp@https://registry.npmjs.org/mkdirp/-/mkdirp-0.5.6.tgz. Extracting by manifest.
1805 silly tarball no local data for geoip-lite@https://registry.npmjs.org/geoip-lite/-/geoip-lite-1.4.10.tgz. Extracting by manifest.
1806 silly tarball no local data for base64-js@https://registry.npmjs.org/base64-js/-/base64-js-0.0.8.tgz. Extracting by manifest.
1807 silly tarball no local data for rimraf@https://registry.npmjs.org/rimraf/-/rimraf-2.7.1.tgz. Extracting by manifest.
1808 silly tarball no local data for readable-stream@https://registry.npmjs.org/readable-stream/-/readable-stream-2.3.8.tgz. Extracting by manifest.
1809 silly tarball no local data for string_decoder@https://registry.npmjs.org/string_decoder/-/string_decoder-1.1.1.tgz. Extracting by manifest.
1810 silly tarball no local data for safe-buffer@https://registry.npmjs.org/safe-buffer/-/safe-buffer-5.1.2.tgz. Extracting by manifest.
1811 silly tarball no local data for isarray@https://registry.npmjs.org/isarray/-/isarray-1.0.0.tgz. Extracting by manifest.
1812 silly tarball no local data for has-flag@https://registry.npmjs.org/has-flag/-/has-flag-4.0.0.tgz. Extracting by manifest.
1813 silly tarball no local data for ip-address@https://registry.npmjs.org/ip-address/-/ip-address-5.9.4.tgz. Extracting by manifest.
1814 silly tarball no local data for supports-color@https://registry.npmjs.org/supports-color/-/supports-color-7.2.0.tgz. Extracting by manifest.
1815 silly tarball no local data for color-convert@https://registry.npmjs.org/color-convert/-/color-convert-2.0.1.tgz. Extracting by manifest.
1816 silly tarball no local data for array-buffer-byte-length@https://registry.npmjs.org/array-buffer-byte-length/-/array-buffer-byte-length-1.0.2.tgz. Extracting by manifest.
1817 http fetch GET 200 https://registry.npmjs.org/typedarray/-/typedarray-0.0.6.tgz 237ms (cache miss)
1818 http fetch GET 200 https://registry.npmjs.org/stop-iteration-iterator/-/stop-iteration-iterator-1.1.0.tgz 245ms (cache miss)
1819 http fetch GET 200 https://registry.npmjs.org/xtend/-/xtend-4.0.2.tgz 277ms (cache miss)
1820 http fetch POST 200 https://registry.npmjs.org/-/npm/v1/security/advisories/bulk 304ms
1821 silly audit report {
1821 silly audit report   '@tootallnate/once': [
1821 silly audit report     {
1821 silly audit report       id: 1119438,
1821 silly audit report       url: 'https://github.com/advisories/GHSA-vpq2-c234-7xj6',
1821 silly audit report       title: '@tootallnate/once vulnerable to Incorrect Control Flow Scoping',
1821 silly audit report       severity: 'low',
1821 silly audit report       vulnerable_versions: '<2.0.1',
1821 silly audit report       cwe: [Array],
1821 silly audit report       cvss: [Object]
1821 silly audit report     }
1821 silly audit report   ],
1821 silly audit report   'ip-address': [
1821 silly audit report     {
1821 silly audit report       id: 1118827,
1821 silly audit report       url: 'https://github.com/advisories/GHSA-v2v4-37r5-5v8g',
1821 silly audit report       title: 'ip-address has XSS in Address6 HTML-emitting methods',
1821 silly audit report       severity: 'moderate',
1821 silly audit report       vulnerable_versions: '<=10.1.0',
1821 silly audit report       cwe: [Array],
1821 silly audit report       cvss: [Object]
1821 silly audit report     }
1821 silly audit report   ],
1821 silly audit report   tar: [
1821 silly audit report     {
1821 silly audit report       id: 1112659,
1821 silly audit report       url: 'https://github.com/advisories/GHSA-34x7-hfp2-rc4v',
1821 silly audit report       title: 'node-tar Vulnerable to Arbitrary File Creation/Overwrite via Hardlink Path Traversal',
1821 silly audit report       severity: 'high',
1821 silly audit report       vulnerable_versions: '<7.5.7',
1821 silly audit report       cwe: [Array],
1821 silly audit report       cvss: [Object]
1821 silly audit report     },
1821 silly audit report     {
1821 silly audit report       id: 1113300,
1821 silly audit report       url: 'https://github.com/advisories/GHSA-8qq5-rm4j-mr97',
1821 silly audit report       title: 'node-tar is Vulnerable to Arbitrary File Overwrite and Symlink Poisoning via Insufficient Path Sanitization',
1821 silly audit report       severity: 'high',
1821 silly audit report       vulnerable_versions: '<=7.5.2',
1821 silly audit report       cwe: [Array],
1821 silly audit report       cvss: [Object]
1821 silly audit report     },
1821 silly audit report     {
1821 silly audit report       id: 1113375,
1821 silly audit report       url: 'https://github.com/advisories/GHSA-83g3-92jg-28cx',
1821 silly audit report       title: 'Arbitrary File Read/Write via Hardlink Target Escape Through Symlink Chain in node-tar Extraction',
1821 silly audit report       severity: 'high',
1821 silly audit report       vulnerable_versions: '<7.5.8',
1821 silly audit report       cwe: [Array],
1821 silly audit report       cvss: [Object]
1821 silly audit report     },
1821 silly audit report     {
1821 silly audit report       id: 1114200,
1821 silly audit report       url: 'https://github.com/advisories/GHSA-qffp-2rhf-9h96',
1821 silly audit report       title: 'tar has Hardlink Path Traversal via Drive-Relative Linkpath',
1821 silly audit report       severity: 'high',
1821 silly audit report       vulnerable_versions: '<=7.5.9',
1821 silly audit report       cwe: [Array],
1821 silly audit report       cvss: [Object]
1821 silly audit report     },
1821 silly audit report     {
1821 silly audit report       id: 1114302,
1821 silly audit report       url: 'https://github.com/advisories/GHSA-9ppj-qmqm-q256',
1821 silly audit report       title: 'node-tar Symlink Path Traversal via Drive-Relative Linkpath',
1821 silly audit report       severity: 'high',
1821 silly audit report       vulnerable_versions: '<=7.5.10',
1821 silly audit report       cwe: [Array],
1821 silly audit report       cvss: [Object]
1821 silly audit report     },
1821 silly audit report     {
1821 silly audit report       id: 1114680,
1821 silly audit report       url: 'https://github.com/advisories/GHSA-r6q2-hw4h-h46w',
1821 silly audit report       title: 'Race Condition in node-tar Path Reservations via Unicode Ligature Collisions on macOS APFS',
1821 silly audit report       severity: 'high',
1821 silly audit report       vulnerable_versions: '<=7.5.3',
1821 silly audit report       cwe: [Array],
1821 silly audit report       cvss: [Object]
1821 silly audit report     }
1821 silly audit report   ],
1821 silly audit report   uuid: [
1821 silly audit report     {
1821 silly audit report       id: 1119441,
1821 silly audit report       url: 'https://github.com/advisories/GHSA-w5hq-g745-h8pq',
1821 silly audit report       title: 'uuid: Missing buffer bounds check in v3/v5/v6 when buf is provided',
1821 silly audit report       severity: 'moderate',
1821 silly audit report       vulnerable_versions: '<11.1.1',
1821 silly audit report       cwe: [Array],
1821 silly audit report       cvss: [Object]
1821 silly audit report     }
1821 silly audit report   ]
1821 silly audit report }
1822 silly packumentCache corgi:https://registry.npmjs.org/@tootallnate%2fonce cache-miss
1823 silly packumentCache corgi:https://registry.npmjs.org/ip-address cache-miss
1824 silly packumentCache corgi:https://registry.npmjs.org/tar cache-miss
1825 silly packumentCache corgi:https://registry.npmjs.org/uuid cache-miss
1826 http cache https://registry.npmjs.org/@tootallnate%2fonce 6ms (cache hit)
1827 silly packumentCache corgi:https://registry.npmjs.org/@tootallnate%2fonce set size:11748 disposed:false
1828 http cache https://registry.npmjs.org/uuid 7ms (cache hit)
1829 silly packumentCache corgi:https://registry.npmjs.org/uuid set size:81812 disposed:false
1830 http cache https://registry.npmjs.org/tar 10ms (cache hit)
1831 silly packumentCache corgi:https://registry.npmjs.org/tar set size:201168 disposed:false
1832 http cache https://registry.npmjs.org/ip-address 16ms (cache hit)
1833 silly packumentCache corgi:https://registry.npmjs.org/ip-address set size:69861 disposed:false
1834 silly packumentCache corgi:https://registry.npmjs.org/http-proxy-agent cache-miss
1835 http cache https://registry.npmjs.org/http-proxy-agent 3ms (cache hit)
1836 silly packumentCache corgi:https://registry.npmjs.org/http-proxy-agent set size:24577 disposed:false
1837 silly packumentCache corgi:https://registry.npmjs.org/geoip-lite cache-miss
1838 http fetch GET 200 https://registry.npmjs.org/streamsearch/-/streamsearch-1.1.0.tgz 345ms (cache miss)
1839 http fetch GET 200 https://registry.npmjs.org/set-function-length/-/set-function-length-1.2.2.tgz 424ms (cache miss)
1840 http fetch GET 200 https://registry.npmjs.org/unicode-trie/-/unicode-trie-2.0.0.tgz 429ms (cache miss)
1841 http fetch GET 200 https://registry.npmjs.org/unicode-properties/-/unicode-properties-1.4.1.tgz 451ms (cache miss)
1842 http fetch GET 200 https://registry.npmjs.org/which-typed-array/-/which-typed-array-1.1.21.tgz 603ms (cache miss)
1843 http fetch GET 200 https://registry.npmjs.org/regexp.prototype.flags/-/regexp.prototype.flags-1.5.4.tgz 601ms (cache miss)
1844 http fetch GET 200 https://registry.npmjs.org/possible-typed-array-names/-/possible-typed-array-names-1.1.0.tgz 640ms (cache miss)
1845 http fetch GET 200 https://registry.npmjs.org/safe-regex-test/-/safe-regex-test-1.1.0.tgz 737ms (cache miss)
1846 http fetch GET 200 https://registry.npmjs.org/sprintf-js/-/sprintf-js-1.1.2.tgz 754ms (cache miss)
1847 http fetch GET 200 https://registry.npmjs.org/pend/-/pend-1.2.0.tgz 768ms (cache miss)
1848 http fetch GET 200 https://registry.npmjs.org/yauzl/-/yauzl-2.10.0.tgz 807ms (cache miss)
1849 http fetch GET 200 https://registry.npmjs.org/png-js/-/png-js-1.1.0.tgz 871ms (cache miss)
1850 http fetch GET 200 https://registry.npmjs.org/tiny-inflate/-/tiny-inflate-1.0.3.tgz 886ms (cache miss)
1851 http fetch GET 200 https://registry.npmjs.org/which-boxed-primitive/-/which-boxed-primitive-1.1.1.tgz 963ms (cache miss)
1852 http fetch GET 200 https://registry.npmjs.org/object.assign/-/object.assign-4.1.7.tgz 976ms (cache miss)
1853 http fetch GET 200 https://registry.npmjs.org/which-collection/-/which-collection-1.0.2.tgz 987ms (cache miss)
1854 http fetch GET 200 https://registry.npmjs.org/restructure/-/restructure-2.0.1.tgz 988ms (cache miss)
1855 http fetch GET 200 https://registry.npmjs.org/set-function-name/-/set-function-name-2.0.2.tgz 998ms (cache miss)
1856 http fetch GET 200 https://registry.npmjs.org/proxy-from-env/-/proxy-from-env-2.1.0.tgz 1117ms (cache miss)
1857 http fetch GET 200 https://registry.npmjs.org/object-is/-/object-is-1.1.6.tgz 1176ms (cache miss)
1858 http fetch GET 200 https://registry.npmjs.org/object-keys/-/object-keys-1.1.1.tgz 1331ms (cache miss)
1859 http fetch GET 200 https://registry.npmjs.org/is-weakset/-/is-weakset-2.0.4.tgz 1483ms (cache miss)
1860 http fetch GET 200 https://registry.npmjs.org/isarray/-/isarray-2.0.5.tgz 1491ms (cache miss)
1861 http fetch GET 200 https://registry.npmjs.org/process-nextick-args/-/process-nextick-args-2.0.1.tgz 1503ms (cache miss)
1862 http fetch GET 200 https://registry.npmjs.org/is-map/-/is-map-2.0.3.tgz 1521ms (cache miss)
1863 http fetch GET 200 https://registry.npmjs.org/lazy/-/lazy-1.0.11.tgz 1619ms (cache miss)
1864 http fetch GET 200 https://registry.npmjs.org/is-string/-/is-string-1.1.1.tgz 1719ms (cache miss)
1865 http fetch GET 200 https://registry.npmjs.org/is-weakmap/-/is-weakmap-2.0.2.tgz 1806ms (cache miss)
1866 http fetch GET 200 https://registry.npmjs.org/tslib/-/tslib-2.8.1.tgz 1812ms (cache miss)
1867 http fetch GET 200 https://registry.npmjs.org/multer/-/multer-1.4.5-lts.2.tgz 1820ms (cache miss)
1868 warn deprecated multer@1.4.5-lts.2: Multer 1.x is impacted by a number of vulnerabilities, which have been patched in 2.x. You should upgrade to the latest 2.x version.
1869 http fetch GET 200 https://registry.npmjs.org/is-number-object/-/is-number-object-1.1.1.tgz 1831ms (cache miss)
1870 http fetch GET 200 https://registry.npmjs.org/is-symbol/-/is-symbol-1.1.1.tgz 1925ms (cache miss)
1871 http fetch GET 200 https://registry.npmjs.org/@swc/helpers/-/helpers-0.3.17.tgz 1937ms (cache miss)
1872 http fetch GET 200 https://registry.npmjs.org/jsbn/-/jsbn-1.1.0.tgz 1982ms (cache miss)
1873 http fetch GET 200 https://registry.npmjs.org/is-regex/-/is-regex-1.2.1.tgz 1982ms (cache miss)
1874 http fetch GET 200 https://registry.npmjs.org/linebreak/-/linebreak-1.1.0.tgz 2038ms (cache miss)
1875 http fetch GET 200 https://registry.npmjs.org/lodash/-/lodash-4.18.1.tgz 2076ms (cache miss)
1876 http fetch GET 200 https://registry.npmjs.org/is-set/-/is-set-2.0.3.tgz 2106ms (cache miss)
1877 http fetch GET 200 https://registry.npmjs.org/is-shared-array-buffer/-/is-shared-array-buffer-1.0.4.tgz 2230ms (cache miss)
1878 http fetch GET 200 https://registry.npmjs.org/is-boolean-object/-/is-boolean-object-1.2.2.tgz 2243ms (cache miss)
1879 http fetch GET 200 https://registry.npmjs.org/functions-have-names/-/functions-have-names-1.2.3.tgz 2306ms (cache miss)
1880 http fetch GET 200 https://registry.npmjs.org/is-bigint/-/is-bigint-1.1.0.tgz 2332ms (cache miss)
1881 http fetch GET 200 https://registry.npmjs.org/internal-slot/-/internal-slot-1.1.0.tgz 2363ms (cache miss)
1882 http fetch GET 200 https://registry.npmjs.org/has-property-descriptors/-/has-property-descriptors-1.0.2.tgz 2377ms (cache miss)
1883 http fetch GET 200 https://registry.npmjs.org/has-tostringtag/-/has-tostringtag-1.0.2.tgz 2458ms (cache miss)
1884 http fetch GET 200 https://registry.npmjs.org/for-each/-/for-each-0.3.5.tgz 2538ms (cache miss)
1885 http fetch GET 200 https://registry.npmjs.org/is-arguments/-/is-arguments-1.2.0.tgz 2633ms (cache miss)
1886 http fetch GET 200 https://registry.npmjs.org/es-set-tostringtag/-/es-set-tostringtag-2.1.0.tgz 2694ms (cache miss)
1887 http fetch GET 200 https://registry.npmjs.org/follow-redirects/-/follow-redirects-1.16.0.tgz 2759ms (cache miss)
1888 http fetch GET 200 https://registry.npmjs.org/is-date-object/-/is-date-object-1.1.0.tgz 2764ms (cache miss)
1889 http fetch GET 200 https://registry.npmjs.org/is-array-buffer/-/is-array-buffer-3.0.5.tgz 2800ms (cache miss)
1890 http fetch GET 200 https://registry.npmjs.org/is-callable/-/is-callable-1.2.7.tgz 2938ms (cache miss)
1891 http fetch GET 200 https://registry.npmjs.org/delayed-stream/-/delayed-stream-1.0.0.tgz 2935ms (cache miss)
1892 http fetch GET 200 https://registry.npmjs.org/dfa/-/dfa-1.2.0.tgz 2996ms (cache miss)
1893 http fetch GET 200 https://registry.npmjs.org/validator/-/validator-13.15.35.tgz 3015ms (cache miss)
1894 http fetch GET 200 https://registry.npmjs.org/has-bigints/-/has-bigints-1.1.0.tgz 3020ms (cache miss)
1895 http fetch GET 200 https://registry.npmjs.org/fd-slicer/-/fd-slicer-1.1.0.tgz 3064ms (cache miss)
1896 http fetch GET 200 https://registry.npmjs.org/define-data-property/-/define-data-property-1.1.4.tgz 3112ms (cache miss)
1897 http fetch GET 200 https://registry.npmjs.org/define-properties/-/define-properties-1.2.1.tgz 3137ms (cache miss)
1898 http fetch GET 200 https://registry.npmjs.org/express-validator/-/express-validator-7.3.2.tgz 3168ms (cache miss)
1899 http fetch GET 200 https://registry.npmjs.org/core-util-is/-/core-util-is-1.0.3.tgz 3172ms (cache miss)
1900 http fetch GET 200 https://registry.npmjs.org/deep-equal/-/deep-equal-2.2.3.tgz 3189ms (cache miss)
1901 http fetch GET 200 https://registry.npmjs.org/combined-stream/-/combined-stream-1.0.8.tgz 3198ms (cache miss)
1902 http fetch GET 200 https://registry.npmjs.org/es-get-iterator/-/es-get-iterator-1.1.3.tgz 3207ms (cache miss)
1903 http fetch GET 200 https://registry.npmjs.org/clone/-/clone-2.1.2.tgz 3287ms (cache miss)
1904 http fetch GET 200 https://registry.npmjs.org/buffer-crc32/-/buffer-crc32-0.2.13.tgz 3375ms (cache miss)
1905 http fetch GET 200 https://registry.npmjs.org/chalk/-/chalk-4.1.2.tgz 3411ms (cache miss)
1906 http fetch GET 200 https://registry.npmjs.org/buffer-from/-/buffer-from-1.1.2.tgz 3443ms (cache miss)
1907 http fetch GET 200 https://registry.npmjs.org/concat-stream/-/concat-stream-1.6.2.tgz 3444ms (cache miss)
1908 http fetch GET 200 https://registry.npmjs.org/color-name/-/color-name-1.1.4.tgz 3520ms (cache miss)
1909 http fetch GET 200 https://registry.npmjs.org/form-data/-/form-data-4.0.5.tgz 3625ms (cache miss)
1910 http fetch GET 200 https://registry.npmjs.org/call-bind/-/call-bind-1.0.9.tgz 3676ms (cache miss)
1911 http fetch GET 200 https://registry.npmjs.org/available-typed-arrays/-/available-typed-arrays-1.0.7.tgz 3832ms (cache miss)
1912 http fetch GET 200 https://registry.npmjs.org/busboy/-/busboy-1.6.0.tgz 3923ms (cache miss)
1913 http fetch GET 200 https://registry.npmjs.org/browserify-zlib/-/browserify-zlib-0.2.0.tgz 4015ms (cache miss)
1914 http fetch GET 200 https://registry.npmjs.org/append-field/-/append-field-1.0.0.tgz 4022ms (cache miss)
1915 http fetch GET 200 https://registry.npmjs.org/ansi-styles/-/ansi-styles-4.3.0.tgz 4061ms (cache miss)
1916 http fetch GET 200 https://registry.npmjs.org/mkdirp/-/mkdirp-0.5.6.tgz 4208ms (cache miss)
1917 http fetch GET 200 https://registry.npmjs.org/dotenv/-/dotenv-16.6.1.tgz 4222ms (cache miss)
1918 http fetch GET 200 https://registry.npmjs.org/base64-js/-/base64-js-0.0.8.tgz 4405ms (cache miss)
1919 http fetch GET 200 https://registry.npmjs.org/rimraf/-/rimraf-2.7.1.tgz 4422ms (cache miss)
1920 warn deprecated rimraf@2.7.1: Rimraf versions prior to v4 are no longer supported
1921 http fetch GET 200 https://registry.npmjs.org/asynckit/-/asynckit-0.4.0.tgz 4612ms (cache miss)
1922 http fetch GET 200 https://registry.npmjs.org/string_decoder/-/string_decoder-1.1.1.tgz 4777ms (cache miss)
1923 http fetch GET 200 https://registry.npmjs.org/crypto-js/-/crypto-js-4.2.0.tgz 4797ms (cache miss)
1924 http fetch GET 200 https://registry.npmjs.org/safe-buffer/-/safe-buffer-5.1.2.tgz 4830ms (cache miss)
1925 http fetch GET 200 https://registry.npmjs.org/has-flag/-/has-flag-4.0.0.tgz 5007ms (cache miss)
1926 http fetch GET 200 https://registry.npmjs.org/supports-color/-/supports-color-7.2.0.tgz 5021ms (cache miss)
1927 http fetch GET 200 https://registry.npmjs.org/brotli/-/brotli-1.3.3.tgz 5080ms (cache miss)
1928 http fetch GET 200 https://registry.npmjs.org/array-buffer-byte-length/-/array-buffer-byte-length-1.0.2.tgz 5236ms (cache miss)
1929 http fetch GET 200 https://registry.npmjs.org/isarray/-/isarray-1.0.0.tgz 5350ms (cache miss)
1930 http fetch GET 200 https://registry.npmjs.org/readable-stream/-/readable-stream-2.3.8.tgz 5411ms (cache miss)
1931 http fetch GET 200 https://registry.npmjs.org/geoip-lite 5241ms (cache miss)
1932 silly packumentCache corgi:https://registry.npmjs.org/geoip-lite set size:undefined disposed:false
1933 silly packumentCache corgi:https://registry.npmjs.org/cacache cache-miss
1934 silly packumentCache corgi:https://registry.npmjs.org/node-gyp cache-miss
1935 silly packumentCache corgi:https://registry.npmjs.org/sqlite3 cache-miss
1936 http cache https://registry.npmjs.org/cacache 6ms (cache hit)
1937 silly packumentCache corgi:https://registry.npmjs.org/cacache set size:157757 disposed:false
1938 http cache https://registry.npmjs.org/node-gyp 10ms (cache hit)
1939 silly packumentCache corgi:https://registry.npmjs.org/node-gyp set size:158482 disposed:false
1940 http cache https://registry.npmjs.org/sqlite3 14ms (cache hit)
1941 silly packumentCache corgi:https://registry.npmjs.org/sqlite3 set size:98714 disposed:false
1942 silly packumentCache corgi:https://registry.npmjs.org/make-fetch-happen cache-miss
1943 http cache https://registry.npmjs.org/make-fetch-happen 4ms (cache hit)
1944 silly packumentCache corgi:https://registry.npmjs.org/make-fetch-happen set size:187959 disposed:false
1945 http fetch GET 200 https://registry.npmjs.org/color-convert/-/color-convert-2.0.1.tgz 5812ms (cache miss)
1946 http fetch GET 200 https://registry.npmjs.org/pako/-/pako-1.0.11.tgz 6656ms (cache miss)
1947 http fetch GET 200 https://registry.npmjs.org/async/-/async-2.6.4.tgz 9860ms (cache miss)
1948 http fetch GET 200 https://registry.npmjs.org/jpeg-exif/-/jpeg-exif-1.1.4.tgz 9988ms (cache miss)
1949 warn deprecated jpeg-exif@1.1.4: Package no longer supported. Contact Support at https://www.npmjs.com/support for more info.
1950 http fetch GET 200 https://registry.npmjs.org/pako/-/pako-0.2.9.tgz 12197ms (cache miss)
1951 http fetch GET 200 https://registry.npmjs.org/axios/-/axios-1.16.1.tgz 12624ms (cache miss)
1952 http fetch GET 200 https://registry.npmjs.org/fontkit/-/fontkit-1.9.0.tgz 13874ms (cache miss)
1953 http fetch GET 200 https://registry.npmjs.org/pdfkit/-/pdfkit-0.15.2.tgz 14240ms (cache miss)
1954 http fetch GET 200 https://registry.npmjs.org/moment/-/moment-2.30.1.tgz 15742ms (cache miss)
1955 http fetch GET 200 https://registry.npmjs.org/ip-address/-/ip-address-5.9.4.tgz 17179ms (cache miss)
1956 http fetch GET 200 https://registry.npmjs.org/geoip-lite/-/geoip-lite-1.4.10.tgz 28386ms (cache miss)
1957 silly ADD
1958 silly CHANGE node_modules/validator
1959 silly CHANGE node_modules/@swc/helpers
1960 silly CHANGE node_modules/xtend
1961 silly CHANGE node_modules/yauzl
1962 silly CHANGE node_modules/which-typed-array
1963 silly CHANGE node_modules/which-boxed-primitive
1964 silly CHANGE node_modules/which-collection
1965 silly CHANGE node_modules/unicode-trie
1966 silly CHANGE node_modules/unicode-trie/node_modules/pako
1967 silly CHANGE node_modules/unicode-properties
1968 silly CHANGE node_modules/typedarray
1969 silly CHANGE node_modules/tslib
1970 silly CHANGE node_modules/tiny-inflate
1971 silly CHANGE node_modules/streamsearch
1972 silly CHANGE node_modules/stop-iteration-iterator
1973 silly CHANGE node_modules/sprintf-js
1974 silly CHANGE node_modules/set-function-name
1975 silly CHANGE node_modules/set-function-length
1976 silly CHANGE node_modules/safe-regex-test
1977 silly CHANGE node_modules/restructure
1978 silly CHANGE node_modules/regexp.prototype.flags
1979 silly CHANGE node_modules/possible-typed-array-names
1980 silly CHANGE node_modules/proxy-from-env
1981 silly CHANGE node_modules/process-nextick-args
1982 silly CHANGE node_modules/png-js
1983 silly CHANGE node_modules/pend
1984 silly CHANGE node_modules/pdfkit
1985 silly CHANGE node_modules/pako
1986 silly CHANGE node_modules/object.assign
1987 silly REMOVE node_modules/on-headers
1988 silly CHANGE node_modules/object-keys
1989 silly CHANGE node_modules/object-is
1990 silly CHANGE node_modules/multer
1991 silly CHANGE node_modules/multer/node_modules/mkdirp
1992 silly REMOVE node_modules/morgan
1993 silly REMOVE node_modules/morgan/node_modules/on-finished
1994 silly CHANGE node_modules/moment
1995 silly CHANGE node_modules/lodash
1996 silly CHANGE node_modules/linebreak
1997 silly CHANGE node_modules/linebreak/node_modules/base64-js
1998 silly CHANGE node_modules/lazy
1999 silly CHANGE node_modules/jpeg-exif
2000 silly CHANGE node_modules/jsbn
2001 silly CHANGE node_modules/is-map
2002 silly CHANGE node_modules/is-weakset
2003 silly CHANGE node_modules/isarray
2004 silly CHANGE node_modules/is-weakmap
2005 silly CHANGE node_modules/is-string
2006 silly CHANGE node_modules/is-symbol
2007 silly CHANGE node_modules/is-shared-array-buffer
2008 silly CHANGE node_modules/is-regex
2009 silly CHANGE node_modules/is-set
2010 silly CHANGE node_modules/is-number-object
2011 silly CHANGE node_modules/is-date-object
2012 silly CHANGE node_modules/is-callable
2013 silly CHANGE node_modules/is-boolean-object
2014 silly CHANGE node_modules/is-bigint
2015 silly CHANGE node_modules/is-arguments
2016 silly CHANGE node_modules/is-array-buffer
2017 silly CHANGE node_modules/internal-slot
2018 silly REMOVE node_modules/helmet
2019 silly CHANGE node_modules/has-tostringtag
2020 silly CHANGE node_modules/has-property-descriptors
2021 silly CHANGE node_modules/has-bigints
2022 silly CHANGE node_modules/functions-have-names
2023 silly CHANGE node_modules/form-data
2024 silly CHANGE node_modules/for-each
2025 silly CHANGE node_modules/follow-redirects
2026 silly CHANGE node_modules/fontkit
2027 silly CHANGE node_modules/fd-slicer
2028 silly CHANGE node_modules/express-validator
2029 silly CHANGE node_modules/es-set-tostringtag
2030 silly CHANGE node_modules/es-get-iterator
2031 silly CHANGE node_modules/dotenv
2032 silly CHANGE node_modules/dfa
2033 silly CHANGE node_modules/delayed-stream
2034 silly CHANGE node_modules/define-properties
2035 silly CHANGE node_modules/define-data-property
2036 silly CHANGE node_modules/deep-equal
2037 silly CHANGE node_modules/crypto-js
2038 silly CHANGE node_modules/core-util-is
2039 silly CHANGE node_modules/concat-stream
2040 silly CHANGE node_modules/concat-stream/node_modules/string_decoder
2041 silly CHANGE node_modules/concat-stream/node_modules/readable-stream
2042 silly CHANGE node_modules/concat-stream/node_modules/safe-buffer
2043 silly CHANGE node_modules/concat-stream/node_modules/isarray
2044 silly CHANGE node_modules/combined-stream
2045 silly CHANGE node_modules/color-name
2046 silly CHANGE node_modules/color-convert
2047 silly CHANGE node_modules/clone
2048 silly CHANGE node_modules/chalk
2049 silly CHANGE node_modules/chalk/node_modules/has-flag
2050 silly CHANGE node_modules/chalk/node_modules/supports-color
2051 silly CHANGE node_modules/call-bind
2052 silly CHANGE node_modules/busboy
2053 silly CHANGE node_modules/buffer-crc32
2054 silly CHANGE node_modules/buffer-from
2055 silly CHANGE node_modules/brotli
2056 silly CHANGE node_modules/browserify-zlib
2057 silly REMOVE node_modules/basic-auth
2058 silly REMOVE node_modules/basic-auth/node_modules/safe-buffer
2059 silly CHANGE node_modules/axios
2060 silly CHANGE node_modules/available-typed-arrays
2061 silly CHANGE node_modules/asynckit
2062 silly CHANGE node_modules/async
2063 silly CHANGE node_modules/array-buffer-byte-length
2064 silly CHANGE node_modules/ansi-styles
2065 silly CHANGE node_modules/append-field
2066 silly CHANGE node_modules/geoip-lite
2067 silly CHANGE node_modules/geoip-lite/node_modules/rimraf
2068 silly CHANGE node_modules/geoip-lite/node_modules/ip-address
2069 verbose cwd D:\桌面\software\petcare\backend
2070 verbose os Windows_NT 10.0.26200
2071 verbose node v22.21.1
2072 verbose npm  v10.9.4
2073 notice
2073 notice New [31mmajor[39m version of npm available! [31m10.9.4[39m -> [34m11.16.0[39m
2073 notice Changelog: [34mhttps://github.com/npm/cli/releases/tag/v11.16.0[39m
2073 notice To update run: [4mnpm install -g npm@11.16.0[24m
2073 notice  { force: true, [Symbol(proc-log.meta)]: true }
2074 verbose exit 0
2075 info ok
